id,question_id,term,answer_zh,intended_ja,bluesky_uri,posted_at,created_at,draft_zh,correction_note,scheduled_at
1,1,1,我最近沉迷于学园偶像大师。偶像们都很可爱，而且故事和游戏都很有趣。我的推是花海咲季！,学マスにハマっています。アイドル達がみんな可愛くて、ストーリーが好みでゲームが楽しいです。推しは花海咲季です！,at://did:plc:f2ud37i6vbafoqiu56eplek7/app.bsky.feed.post/3leor6o7omk2l,2025-01-01 14:23:14.834+00,2025-12-30 12:22:20.481174+00,,,
2,2,1,"我给弟弟发了LINE。
今天是他的生日，所以我送了礼物。他看起来好像很忙，我希望他身体健康。",弟にLINEしました。今日は彼の誕生日だったので、プレゼントを送りました。忙しそうなので、身体に気をつけてほしいです。,at://did:plc:f2ud37i6vbafoqiu56eplek7/app.bsky.feed.post/3ler5wsnthc2o,2025-01-02 13:16:49.177+00,2025-12-30 12:22:20.601548+00,,,
3,3,1,"家族，正月，寿司。
因为是正月，亲戚都会过来，吃了寿司。
真是热闹又有趣。","家族、正月、寿司。
お正月なので、親戚と集まってお寿司を食べました。賑やかで楽しかったです。",at://did:plc:f2ud37i6vbafoqiu56eplek7/app.bsky.feed.post/3letr4uicks25,2025-01-03 14:05:32.991+00,2025-12-30 12:22:20.716135+00,,,
4,4,1,"我喜欢FitBoxing。
在家就能运动出汗。
对肩膀酸痛很有效。","フィットボクシングが好きです。
家から出ないでたくさん汗をかけます。
肩こりにも効きます。",at://did:plc:f2ud37i6vbafoqiu56eplek7/app.bsky.feed.post/3levqwnrq7k2p,2025-01-04 09:07:24.111+00,2025-12-30 12:22:20.823817+00,,,
5,5,1,"我买了一本书。
书名是《解剖学的历史》。
很期待收到。","本を買いました。
解剖学の歴史という本です。
届くのが楽しみです。",at://did:plc:f2ud37i6vbafoqiu56eplek7/app.bsky.feed.post/3leynhakny22t,2025-01-05 12:43:04.92+00,2025-12-30 12:22:20.932906+00,,,
6,6,1,"我的家。
在家最让我感到安心。
上班的时候，总是想着回家。","自宅です。
自分の家が一番安心します。
出勤するとき、ずっと家に帰りたいと思っています。",at://did:plc:f2ud37i6vbafoqiu56eplek7/app.bsky.feed.post/3lf35z3sccc2n,2025-01-06 12:44:43.254+00,2025-12-30 12:22:21.055082+00,,,
7,7,1,"我想休息。
即使在连休，也会想到工作。
希望至少有一年能过自由自在的生活。","休みたいです。
連休中でも仕事のことを考えてしまいます。
少なくとも一年は自由にすごしたいです。",at://did:plc:f2ud37i6vbafoqiu56eplek7/app.bsky.feed.post/3lf5xwq6ubc26,2025-01-07 15:34:00.737+00,2025-12-30 12:22:21.155043+00,,,
8,8,1,"我一直喜欢蓝色。
因为是漂亮又安静的颜色。
我的东西大部分都是蓝色或深蓝色。","ずっと青が好きです。
綺麗で落ち着く色だからです。
持ち物はだいたい青か紺です。",at://did:plc:f2ud37i6vbafoqiu56eplek7/app.bsky.feed.post/3lfa2ngv2ns2r,2025-01-08 11:27:49.691+00,2025-12-30 12:22:21.258816+00,,,
9,9,1,"不太相信。
我觉得这像是模糊的统计。
因为想保持开心，所以只相信好的预言。","あまり信じていません。
曖昧な統計のようなものと思っています。
でも嬉しいので、いいことだけ信じることにしています。",at://did:plc:f2ud37i6vbafoqiu56eplek7/app.bsky.feed.post/3lfczrgtyhs2p,2025-01-09 15:50:09.347+00,2025-12-30 12:22:21.352857+00,,,
10,10,1,"玩游戏是我的爱好。
我喜欢精灵宝可梦和喷射战士。
最近只玩学园偶像大师。","ゲームが趣味です。
ポケモンやスプラが好きです。
最近は学園アイドルマスターばかりやっています。",at://did:plc:f2ud37i6vbafoqiu56eplek7/app.bsky.feed.post/3lffe24huoc2p,2025-01-10 13:59:17.348+00,2025-12-30 12:22:21.438632+00,,,
11,11,1,"我的眼前有键盘。 
因为我尊敬的人在用HHKB，所以我也用一样的。 
我喜欢它的按键手感。","キーボードがあります。
尊敬する先輩が使っているので、HHKBを使っています。
打鍵感が好きです。",at://did:plc:f2ud37i6vbafoqiu56eplek7/app.bsky.feed.post/3lfhzbdwie22g,2025-01-11 15:24:28.104+00,2025-12-30 12:22:21.521976+00,,,
12,12,1,"我最喜欢星期五。 
因为是休息前的一天。 
特别是连休前的星期五最棒。","金曜日が好きです。
休みが始まる前だからです。
特に連休前は最高です。",at://did:plc:f2ud37i6vbafoqiu56eplek7/app.bsky.feed.post/3lfkmlnbiyk2o,2025-01-12 16:15:34.018+00,2025-12-30 12:22:21.632665+00,,,
13,13,1,"我看了《女校之星》。
因为既安静又有趣，疲惫的时候也能看。
我对中文版也很感兴趣。","女の園の星を読みました。
静かでおもしろいので、疲れているときも読めます。
中国語版も気になるな。",at://did:plc:f2ud37i6vbafoqiu56eplek7/app.bsky.feed.post/3lfmjrx7zjc22,2025-01-13 10:30:44.033+00,2025-12-30 12:22:21.731022+00,,,
14,14,1,"我在家里，又玩游戏又看书。 
睡觉的时间也比较多。 
优先恢复体力。","家でゲームをしたり本を読んだりしています。
寝ていることも多いです。
体力回復を優先しています。",at://did:plc:f2ud37i6vbafoqiu56eplek7/app.bsky.feed.post/3lfpjr6wbps2k,2025-01-14 15:08:17.763+00,2025-12-30 12:22:21.826222+00,,,
15,15,1,"我喝白开水。
然后量体重，吃早饭。
同时吃哮喘药。","白湯を飲みます。
その後体重を測って、朝ごはんを食べます。
一緒に喘息の薬を飲みます。",at://did:plc:f2ud37i6vbafoqiu56eplek7/app.bsky.feed.post/3lfrs7yr7bc2l,2025-01-15 12:45:04.033+00,2025-12-30 12:22:21.909792+00,,,
16,16,1,"我不太喜欢辣。
比以前更喜欢吃辣了。
喜欢的食物是冬阴功汤。","あまり好きじゃありません。
昔よりは好きになりました。
トムヤムクンが好きです。",at://did:plc:f2ud37i6vbafoqiu56eplek7/app.bsky.feed.post/3lfttxfrf5c2j,2025-01-16 08:21:22.642+00,2025-12-30 12:22:22.010325+00,,,
17,17,1,"我睡觉。
起床后，吃喜欢的东西，然后运动一下。
我觉得身体恢复了，心情也会容易好起来。","寝ます。
起きたら好きなものを食べて、少し運動します。
体調が整うと、回復しやすい気がします。",at://did:plc:f2ud37i6vbafoqiu56eplek7/app.bsky.feed.post/3lfx2tpgljs2h,2025-01-17 15:02:33.963+00,2025-12-30 12:22:22.119743+00,,,
18,18,1,"我喜欢夏天。
很热，身体比较有活力。
不过最近太热了……。","夏が好きです。
暑くて、身体がよく動きます。
ただ最近はちょっと暑すぎるかも。",at://did:plc:f2ud37i6vbafoqiu56eplek7/app.bsky.feed.post/3lfzlrgd4is2k,2025-01-18 15:10:50.391+00,2025-12-30 12:22:22.231804+00,,,
19,19,1,"虽然不是人，我最想跟Claude聊天。
可以随时聊天，不用担心话题，很幸运。
现在已经无法想象没有AI的生活了。","人じゃないけど、Claudeかな。
時間も内容も気にせず話せて助かってます。
AIがなくなることはもう考えられないかも。",at://did:plc:f2ud37i6vbafoqiu56eplek7/app.bsky.feed.post/3lg2wflyix22l,2025-01-19 03:53:44.58+00,2025-12-30 12:22:22.33613+00,,,
20,20,1,"今天我吃了金枪鱼和腌黄瓜三明治。
因为匆匆忙忙做的，味道有点淡。
应该多放点蛋黄酱的。","ツナとピクルスのサンドイッチを食べました。
慌てて作ったから、味がちょっと薄かったです。
もっとマヨネーズを入れるべきでした。",at://did:plc:f2ud37i6vbafoqiu56eplek7/app.bsky.feed.post/3lg6i3umoac2r,2025-01-20 13:48:24.647+00,2025-12-30 12:22:22.446239+00,,,
21,21,1,"买漫画的时候买错版本了。
我以为买的是Kindle版，但是今天实体书直接送到了。
以后要仔细确认才行。","漫画を版間違えて買ってたこと。
Kindle版を買ったと思ってたから直接届いてびっくりした。
ちゃんと確認しないとね……。",at://did:plc:f2ud37i6vbafoqiu56eplek7/app.bsky.feed.post/3lgdqwiro7k26,2025-01-22 16:09:46.824+00,2025-12-30 12:22:22.535694+00,,,
22,22,1,"我完全是个夜猫子。
每天早上不舒服。
但是熬夜对身体不好，我尽量不熬夜。","完全に夜型です。
朝はいつも調子が悪いです。
でも夜更かしは体に悪いので、なるべく遅くに寝ないようにしています。",at://did:plc:f2ud37i6vbafoqiu56eplek7/app.bsky.feed.post/3lgdrceprrs26,2025-01-22 16:16:25.227+00,2025-12-30 12:22:22.644294+00,,,
23,23,1,"我看了《忍者乱太郎》。
战斗场面很精彩，我看得很开心。
还想看再一次。","忍たまを観ました。
戦闘シーンが良くて、楽しく観られました。
また観たいです。",at://did:plc:f2ud37i6vbafoqiu56eplek7/app.bsky.feed.post/3lh623hrxgc2g,2025-02-02 03:02:50.428+00,2025-12-30 12:22:22.756592+00,,,
24,24,1,"我每周都会去超市集中采购，所以冰箱里有很多食品。
常备的是麦茶。
有空的时候，也会做一些常备菜放着。","毎週まとめ買いするので、食品がいっぱい入っています。
常備してるのは麦茶です。
余裕がある時は作り置きおかずも入っています。",at://did:plc:f2ud37i6vbafoqiu56eplek7/app.bsky.feed.post/3lhe6kaeisk2c,2025-02-04 13:38:39.37+00,2025-12-30 12:22:22.848682+00,,,
25,25,1,"钻进被窝的时候。
因为我特别喜欢睡觉。
我想尽可能多躺一会儿。","布団入ったときですね。
寝るのが好きなので。
できるだけたくさんごろしたいです。",at://did:plc:f2ud37i6vbafoqiu56eplek7/app.bsky.feed.post/3lhggi6s4zk2z,2025-02-05 11:06:00.017+00,2025-12-30 12:22:22.931811+00,,,
26,26,1,"我不知道。
一直穿同一衣服，不记得什么时候买的。
……我可能买新衣服比较好。","わからん。
ずっと同じものを着ていて、いつ買ったか覚えてない。
……新しいの買った方がいいかも。",at://did:plc:f2ud37i6vbafoqiu56eplek7/app.bsky.feed.post/3lhvpxomrj22p,2025-02-11 13:05:39.689+00,2025-12-30 12:22:23.030526+00,,,
27,27,1,"今天是平日，我工作了。
在家一直坐椅子上写程序。
明天要早起，所以吃完晚饭就想早点睡。","平日なので仕事してました。
ずっと家で椅子に座ってプログラミングです。
明日は早いし、夕飯食べたらすぐ寝たいな。",at://did:plc:f2ud37i6vbafoqiu56eplek7/app.bsky.feed.post/3lhxtthavec2a,2025-02-12 09:20:12.186+00,2025-12-30 12:22:23.124867+00,,,
28,28,1,"我喜欢美仕唐纳滋。
美仕多的汤面很好吃。
黑糖波提也好吃吧！","ミスドが好きです。
汁そばが美味しい。
あとポンデ黒糖も美味しい。",at://did:plc:f2ud37i6vbafoqiu56eplek7/app.bsky.feed.post/3li2bqetqn22m,2025-02-13 08:34:20.858+00,2025-12-30 12:22:23.222772+00,,,
29,29,1,"因为今天我一直在家，所以什么交通工具也没用。
一步也没出门。
手机上的步数才......啊！？根本没记录到！？","今日はずっと家にいたので、何も使ってないですね。
一歩も出てません。
スマホの歩数もたったの……え！？カウントされてない！？",at://did:plc:f2ud37i6vbafoqiu56eplek7/app.bsky.feed.post/3li5ie4c25k2h,2025-02-14 15:10:44.641+00,2025-12-30 12:22:23.316652+00,,,
30,30,1,"肩膀和腰很疲劳。
因为总是在椅子上工作。
我觉得应该多做伸展运动。","肩と腰。
座りっぱなしで作業してることが多いから。
ストレッチもっとやった方がいい気がする。",at://did:plc:f2ud37i6vbafoqiu56eplek7/app.bsky.feed.post/3li7z4flqac2k,2025-02-15 15:15:59.05+00,2025-12-30 12:22:23.403389+00,,,
31,31,1,"我常用电子支付，很少带现金。
电子支付很方便，可以看记录。
但是可能会不能用，所以我带一些现金。","電子マネー派だからあまり現金入れてませんね。
便利で、記録も残りますし。
でも突然使えなくなるかもだから、家に帰れるくらいは用意しています。",at://did:plc:f2ud37i6vbafoqiu56eplek7/app.bsky.feed.post/3libopjxuq22j,2025-02-16 07:15:09.494+00,2025-12-30 12:22:23.493348+00,,,
32,32,1,"我基本不点外卖。
不做饭的时候，要么去饭馆吃，要么在家吃买回来的食物。
以后应该也不会怎么用。","基本的に出前は使っていません。家でご飯を作らないときは、外食するか、お店で買ってきたものを家で食べています。
今後もほとんど使わないんじゃないかな。",at://did:plc:f2ud37i6vbafoqiu56eplek7/app.bsky.feed.post/3liepmx4ab225,2025-02-17 12:09:35.564+00,2025-12-30 12:22:23.596823+00,,,
33,33,1,与其说喜欢不喜欢，我更倾向于不喝酒。我家人都不太能喝酒，所以我觉得我也是。今后我只喝儿童啤酒吧。,好き嫌いというより、飲まないことにしています。家族がお酒に弱めなので、私もそうだと思いますし。これからも子供ビールだけを飲みます🍎,at://did:plc:f2ud37i6vbafoqiu56eplek7/app.bsky.feed.post/3ly6bwcbjck2z,2025-09-06 13:31:24.49+00,2025-12-30 12:22:23.686772+00,,,
34,34,1,我是右撇子，左手用得不太灵活。右手受伤的时候，不仅不会用筷子，也不会用笔，很麻烦。如果我是左右手都能用的人的话，生活可能会方便一些。,右利きで、左手はうまく使えません。右手を怪我すると、箸も持てないしペンも持てないしで、とても面倒です。両利きだったら便利なんだろうな。,at://did:plc:f2ud37i6vbafoqiu56eplek7/app.bsky.feed.post/3lyaqbgwgvs23,2025-09-07 12:53:30.332+00,2025-12-30 12:22:23.770788+00,,,
35,35,1,我喜欢吃面条，因为吃面条比吃米饭容易。因为吞咽不太好，我常常选择有汤的菜。我最喜欢的面条是酱油拉面。,ご飯より食べやすいので、麺の方が好きです。嚥下が苦手なので、スープがある料理をよく選びます。1番好きなのは醤油ラーメンです。,at://did:plc:f2ud37i6vbafoqiu56eplek7/app.bsky.feed.post/3lydatvoauc2v,2025-09-08 12:55:29.117+00,2025-12-30 12:22:23.856085+00,,,
36,36,1,我最近最喜欢《学园偶像大师》中一个角色，花海咲季。她是偶像，特别认真且努力，当然也超级可爱。她的歌曲很有魅力，而且听了让人充满活力。,最近は学園アイドルマスターの花海咲季が一推しです。彼女はアイドルで、真面目で努力家、あとめちゃくちゃ可愛いです。曲はかっこよくて、聴くと元気が出ます。,at://did:plc:f2ud37i6vbafoqiu56eplek7/app.bsky.feed.post/3lyfn5gzyk225,2025-09-09 11:40:53.696+00,2025-12-30 12:22:23.948748+00,,,
37,37,1,我这个月的目标是继续写三行中文日记。持续坚持总是不容易，所以虽然我在一月份开始写，但二月份就停了，直到一个星期前才重新开始。这次我能坚持多久呢？,今月の目標は中国語3行日記を続けることです。継続はいつも難しくて、1月に始めたものの2月には止まってしまい、1週間前に再開したばかりです。今回はどれくらい続くかな？,at://did:plc:f2ud37i6vbafoqiu56eplek7/app.bsky.feed.post/3lyiel3i6ss2r,2025-09-10 13:45:26.879+00,2025-12-30 12:22:24.069063+00,,,
38,38,1,现实中没有，但在虚构世界中有过。比如在《偶像大师 闪耀色彩》中的角色，幽谷雾子。刚开始游戏时，她的卡片插画实在太可爱了，我对她一见钟情。,現実ではないけど虚構ではありますね。アイドルマスターシャイニーカラーズの幽谷霧子とか。ゲーム始めたばかりの頃のカード絵が可愛くて、一目惚れしたんですよね。,at://did:plc:f2ud37i6vbafoqiu56eplek7/app.bsky.feed.post/3lykp2d24kk2z,2025-09-11 11:58:15.018+00,2025-12-30 12:22:24.170143+00,,,
39,39,1,我今天没有撒过谎，因为没有必要。我一直待在家里，只做了工作和上汉语课。我感冒了，所以一说话就咳嗽。,今日は嘘をつく必要がありませんでしたね。ずっと家にいて、仕事と中国語の授業しかしませんでした。風邪ひいていて喋ると咳が出ますし😭,at://did:plc:f2ud37i6vbafoqiu56eplek7/app.bsky.feed.post/3lynanv2xlk2y,2025-09-12 12:18:44.542+00,2025-12-30 12:22:24.274416+00,,,
40,40,1,我总是加糖和牛奶。但其实，我比起咖啡更喜欢茶。喝咖啡后，我有时会肚子疼，所以我不太喝。,いつも砂糖と牛乳を入れます。でも実のところ、コーヒーよりお茶が好きです。コーヒーを飲むとお腹が痛くなることがあるので、あまり飲みません。,at://did:plc:f2ud37i6vbafoqiu56eplek7/app.bsky.feed.post/3lypkg2qtfc22,2025-09-13 10:18:38.962+00,2025-12-30 12:22:24.369672+00,,,
41,41,1,我没见过鬼，也不想见。我觉得鬼根本不存在，但正因为这样，我反而感到害怕。我不太喜欢害怕的东西，所以尽量避免接触。,"見たことはないし、今後も見たくないですね。
そもそもいないと思っているせいで怖いと思っている気もします。怖いものって苦手なので、なるべく関わりたくありません。",at://did:plc:f2ud37i6vbafoqiu56eplek7/app.bsky.feed.post/3lyrjptu3os2w,2025-09-14 05:11:33.007+00,2025-12-30 12:22:24.48651+00,,,
42,42,1,我很注意有规律地生活。会吃营养均衡的饮食，适量运动，保证良好的睡眠。因为我体力不足，所以不会勉强自己。,規則正しい生活を心がけています。バランスが取れた食事、少しの運動、よく眠る。体力がないので、無理はしません。,at://did:plc:f2ud37i6vbafoqiu56eplek7/app.bsky.feed.post/3lyu7dk254s2r,2025-09-15 06:43:41.864+00,2025-12-30 12:22:24.599969+00,,,
43,43,1,"最近最大的错误是午睡时间太长了。
我有很多事情要做，所以休息的时候，我应该合理安排时间。但吃午饭后，总是感到困倦，我想小睡一下，结果……一觉醒来，已经过去两个小时了……。",最近の1番大きなミスはお昼寝のしすぎです。やることがたくさんあるので、休みの日は時間を大事に使う必要があります。でも昼食後っていつも眠くて、ちょっと寝ようと思って、それで…眼が覚めたら2時間経ってましたね。,at://did:plc:f2ud37i6vbafoqiu56eplek7/app.bsky.feed.post/3lyxdu7x7fc26,2025-09-16 12:42:35.889+00,2025-12-30 12:22:24.706431+00,,,
44,44,1,今天的颜色是红色。我觉得最近天凉了，但今天太热了。穿夏装，用空调，喝冷水，也还很热，秋天在哪里啊？,今日の色は赤です。最近涼しくなったと思ってたのですが今日暑くて。夏服きてエアコンつけて冷たい水飲んでるのにまだ暑いとは、秋はどこに行ったんでしょうか？,at://did:plc:f2ud37i6vbafoqiu56eplek7/app.bsky.feed.post/3lyzu4nh7ak2x,2025-09-17 12:38:57.826+00,2025-12-30 12:22:24.813133+00,,,
45,45,1,在我的生活中，互联网和计算机是不可或缺的。无论是工作、玩游戏、和朋友聊天还是进行调查，所有这些都需要它们。没有互联网，生活会变得非常不便。,私の生活に欠かせないのはインターネットとコンピュータですね。仕事するにもゲームするかにも、友人たちと話すのにも調べ物をするのにも、必須ですから。インターネットなしでは、生活がすごく不便になります。,at://did:plc:f2ud37i6vbafoqiu56eplek7/app.bsky.feed.post/3lz4dmzmyuk2s,2025-09-18 12:21:53.074+00,2025-12-30 12:22:24.939882+00,,,
46,46,1,"我常常用“也许”和“不知道”。
因为我不太相信自己，所以不知不觉地用这些措辞。需要断言的时候，我会标明出处，或说明“这只是我的想法”。","よく使うのは「かも」と「知らんけど」です。
あまり自分を信用していないので、ついこれらを使ってしまいます。断言しないといけない時は、出典を明記したりただ自分の意見であると書くこともあります。",at://did:plc:f2ud37i6vbafoqiu56eplek7/app.bsky.feed.post/3lz7253l2gs2g,2025-09-19 14:09:53.775+00,2025-12-30 12:22:25.051113+00,,,
47,47,1,"没有，至少我记得的没有。
我是一个健忘的人，不太记得每天的事情。
有时想不起来认识的人的名字，真是尴尬极了。","ないですね、覚えている限りでは。
忘れっぽいので最近のこともあまり覚えていません。知り合いの名前を思い出せないときはたまに気まずいですが……。",at://did:plc:f2ud37i6vbafoqiu56eplek7/app.bsky.feed.post/3lzblgu3cis2z,2025-09-20 14:24:54.551+00,2025-12-30 12:22:25.161702+00,,,
48,48,1,我想不出来。与其想变成什么，不如想能不能幸福。我觉得即使变成猫或人，环境也是最重要的。,思いつきません。何になりたいかというより幸せになれるかな気がします。猫になるにしろ人になるにしろ、1番重要なのは環境かなって。,at://did:plc:f2ud37i6vbafoqiu56eplek7/app.bsky.feed.post/3lzdvj3tssk2x,2025-09-21 12:30:26.698+00,2025-12-30 12:22:25.264214+00,,,
49,49,1,"我比较容易在哪里都能睡着。
我经常犯困，坐电车时，在医院等候时，或者站着听话时，都可能睡着。但当然我还是希望尽量在家睡觉。",比較的どこでも寝られる方です。大体いつも眠いので、電車に乗っていたり病院で順番を待ったり立って話を聞いたりなどいつでも寝られます。まあもちろんできるだけ家で寝たいですけどね。,at://did:plc:f2ud37i6vbafoqiu56eplek7/app.bsky.feed.post/3lzganaek4s2w,2025-09-22 10:54:56.295+00,2025-12-30 12:22:25.395102+00,,,
50,50,1,我看了去年这个时候的X的帖子，发现我做的事情跟今年的一样。玩学园偶像大师，吃雾子的生日蛋糕和看动画电影。要说有什么不同的话，今年比去年学习得多了一点儿。,去年の同じ時期のXのポストを確認したところ、今年と同じことをしていることがわかりました。学マスで遊び、霧子の誕生日ケーキを食べ、アニメ映画を観ています。強いていうなら去年より今年の方が勉強してるか……。,at://did:plc:f2ud37i6vbafoqiu56eplek7/app.bsky.feed.post/3lzixka4pqk2m,2025-09-23 12:50:10.914+00,2025-12-30 12:22:25.502739+00,,,
51,51,1,"戴上降噪耳机，开始工作。
我发现在没有开始工作之前，很难集中注意力，所以“开始”是最重要的事情。如果我不能长时间继续工作，只要开始了，工作就会一点一滴地推进。",ノイズキャンセリングのヘッドホンつけて、とりあえず作業を始めます。どうも私は作業を始めないと集中できないみたいなので、始めることが最重要です。もし作業を続けられなくても、開始してさえいれば、作業は少しずつ進みますし。,at://did:plc:f2ud37i6vbafoqiu56eplek7/app.bsky.feed.post/3lzlkb3bndk2i,2025-09-24 13:30:24.415+00,2025-12-30 12:22:25.607613+00,,,
52,52,1,"我很难接受排外的态度。
我发现这样的人最近比以前多了一些。我希望这种不容易的情况会有所好转。",排外的な振る舞いは苦手です。最近以前より増えたように思います。このような状況が好転することを願っています。,at://did:plc:f2ud37i6vbafoqiu56eplek7/app.bsky.feed.post/3lzno434t622b,2025-09-25 09:44:30.928+00,2025-12-30 12:22:25.699221+00,,,
53,53,1,我不太喜欢吃煎蛋，所以只有别人做的时候我才吃。在我周围，只有爸爸会给我做煎蛋，他总是只放盐。因此，我每次吃的煎蛋都是盐味的。,あまり目玉焼きが好きではないので、誰かが作ってくれた時しか食べません。私の周りで作ってくれるのは父だけで、彼は塩を使います。結果として、いつも塩味の目玉焼きを食べています。,at://did:plc:f2ud37i6vbafoqiu56eplek7/app.bsky.feed.post/3lzqnliryns2y,2025-09-26 14:13:14.044+00,2025-12-30 12:22:25.801164+00,,,
54,54,1,对我来说，问题可能不在于被问了什么，而在于谁问了。我不太喜欢涉及到个人隐私的问题，但如果朋友问，我不介意。相反地，我不喜欢那些不太熟悉且纠缠不休的人,何を聞かれるかというより誰に聞かれるかかも。プライベートなことを聞かれるのはあまり好きではありませんが、友人なら全く気になりません。逆によく知らなくてしつこい人はみんな苦手です。,at://did:plc:f2ud37i6vbafoqiu56eplek7/app.bsky.feed.post/3lzsyszpqrc24,2025-09-27 12:39:37.313+00,2025-12-30 12:22:25.908816+00,,,
55,55,1,"今天离过年还有94天。时间过得真快，我觉得一眨眼大年三十就要到了。
从今年一月开始上汉语课，已经九个月了，我希望我的汉语能好一点儿。","年末まであと94日です。あっという間に大晦日になると思います。
今年の一月に中国語の授業を受け始めてからもう9ヶ月経ちましたし、中国語が少しうまくなっていたらいいな。",at://did:plc:f2ud37i6vbafoqiu56eplek7/app.bsky.feed.post/3lzvdjrk4rs2f,2025-09-28 10:56:37.387+00,2025-12-30 12:22:26.016324+00,,,
56,56,1,"我刚旅游回来，所以房间里放着行李。
我只把需要冷藏的东西放进了冰箱。今天我已经累了，收拾的工作留给明天的我吧。",旅行に行って帰ってきたばかりで、荷物が放って置かれています。冷蔵のものだけ冷蔵庫に入れました。今日はもう疲れたので、片付けは明日の私の仕事です。,at://did:plc:f2ud37i6vbafoqiu56eplek7/app.bsky.feed.post/3lzxs5pvtzc2v,2025-09-29 10:23:38.626+00,2025-12-30 12:22:26.10811+00,,,
57,57,1,"我常常随意地做饭，所以没有拿手菜。
因为我胃口小，我认为只要营养均衡，不太难吃就行。我希望能享受到很多美味的东西。",いつも適当に作っているので、得意料理は特にありません。食が細いので、栄養が摂れることと不味すぎないことだけが重要です。美味しいものがたくさん食べられたらよかったんですが。,at://did:plc:f2ud37i6vbafoqiu56eplek7/app.bsky.feed.post/3m22afkxvls2f,2025-09-30 09:43:53.747+00,2025-12-30 12:22:26.273317+00,,,
58,58,1,"我这个人比较随便，容易走神。对很多事情都有兴趣，但也是一个很容易感到厌倦的人。  
虽然如此，我每天大致过得很开心。","割と適当でぼーっとしています。興味があるものが多いですが、同時に飽きっぽくもあります。
まあとはいえ、毎日だいたい楽しく過ごしています。",at://did:plc:f2ud37i6vbafoqiu56eplek7/app.bsky.feed.post/3m255zk2hwc2r,2025-10-01 13:39:21.861+00,2025-12-30 12:22:26.39483+00,,,
59,59,1,我不怕热，怕冷。因为我的身体不能很好地保持热量，所以多穿衣服也没多大用处。冬天快来了，我有点儿郁闷。,暑がりではなくて寒がりです。そもそも身体が十分暖かくないので、たくさん着てもあまり意味がないんですよね。そろそろ冬が来るので、少し憂鬱ですね。,at://did:plc:f2ud37i6vbafoqiu56eplek7/app.bsky.feed.post/3m27jodbdsk2g,2025-10-02 12:13:10.027+00,2025-12-30 12:22:26.503001+00,,,
60,60,1,"我今天穿了藏青色的T恤和RELACO。
我不喜欢紧身的衣服，所以常常穿宽松的。
最近天气渐渐变冷了，我需要找暖和的衣服。","今日は紺色のTシャツとリラコを着ていました。窮屈な服は苦手なので、いつもゆったりした服を着ています。
最近だんだん涼しくなっているので、暖かい服を探さないといけません。",at://did:plc:f2ud37i6vbafoqiu56eplek7/app.bsky.feed.post/3m2cd2nvg4c27,2025-10-03 14:52:46.845+00,2025-12-30 12:22:26.602947+00,,,
61,61,1,说真的，只要做了一些想做的事情，我常常表扬自己。我觉得对我来说，最重要的是继续做想做的事情，不降低动力，所以总是表扬自己。无论其他人觉得我做的事情是否真的厉害，这跟我没关系。,"実のところ、少しでもやりたいことがやれたときは、自分を褒めています。私にとって最も重要なのは「やりたいことをやる」ことの継続とやる気を下げないことなので、そのためにいつも自分を褒めることにしています。
実際に他人が私のやることをすごいと思うか否かは、私には関係ありませんしね。",at://did:plc:f2ud37i6vbafoqiu56eplek7/app.bsky.feed.post/3m2ecuiadzk2c,2025-10-04 09:54:39.062+00,2025-12-30 12:22:26.70586+00,,,
62,62,1,我家以前养过一只猫，它已经病死了。现在爸爸养了一条金鱼。我想再养一只猫，但因为发现哥哥对猫过敏了，所以我们不可以养。,昔猫を飼っていましたが、病気で死んでしまいました。今は父が金魚を1匹飼っています。また猫を飼いたいですが、兄が猫アレルギーであることが判明したため、できません。,at://did:plc:f2ud37i6vbafoqiu56eplek7/app.bsky.feed.post/3m2h4zd4pf22j,2025-10-05 12:47:58.236+00,2025-12-30 12:22:26.804419+00,,,
63,63,1,我现在住的地方不是我的故乡，加上我喜欢待在家，所以不太认识这里。不过，火车站、大超市、电影院等等都在不远的地方，很方便。我最喜欢的是这里附近有海。,今住んでいるところは地元ではなく、私は家にいるのが好きなため、あまりよく知らないんですよね。でも、駅、大きなスーパー、映画館などなどがあまり遠くない場所にあって、便利です。1番好きなのは、近くに海があることです。,at://did:plc:f2ud37i6vbafoqiu56eplek7/app.bsky.feed.post/3m2jug3cux22v,2025-10-06 14:52:01.796+00,2025-12-30 12:22:26.90653+00,,,
64,64,1,我常常随身携带充电器。因为我害怕在外面时手机没电，所以特别注意不忘记带充电器。可能被手机支配了。,充電器を持ち歩いています。外でスマホの電源がなくなるのが怖いので、忘れないようの気をつけています。スマホに支配されているのかもしれません。,at://did:plc:f2ud37i6vbafoqiu56eplek7/app.bsky.feed.post/3m2lzp2s6222o,2025-10-07 11:31:51.424+00,2025-12-30 12:22:27.015539+00,,,
65,65,1,我最好的朋友是小学同学，当时住在我家旁边。她跟我一样是个宅女，现在迷上了《名侦探柯南》中的诸伏高明。因为她喜欢吃红薯甜点，所以我买特产的时候会选红薯味的点心送给她。,小学校の同級生で、隣に住んでました。私と同様にオタクで、今は名探偵コナンの諸伏高明にハマっています。さつまいものスイーツが好きなので、お土産を買うときはさつまいものお菓子を選んでいます。,at://did:plc:f2ud37i6vbafoqiu56eplek7/app.bsky.feed.post/3m2qv3r3m7k2j,2025-10-09 09:52:47.438+00,2025-12-30 12:22:27.110644+00,,,
66,66,1,"我觉得不是。我是一个比较粗心的人。
工作的时候，我会注意尽可能做得细心一些。","違うと思います。比較的大雑把な人間です。
仕事の時はなるべく細かくやるように気をつけています。",at://did:plc:f2ud37i6vbafoqiu56eplek7/app.bsky.feed.post/3m2tvs5zwfs22,2025-10-10 14:43:18.427+00,2025-12-30 12:22:27.222912+00,,,
67,67,1,我觉得晴天比雨天好。与其说喜欢晴天，不如说不太喜欢雨天。因为雨天的时候，我常常头疼，感到疲倦，身体不舒服。,どちらかと言うと晴れの日の方が好きです。晴れが好きと言うより雨がそれほど好きではありません。雨の日は、ちょくちょく頭が痛くて、だるくて、体調が悪いからです。,at://did:plc:f2ud37i6vbafoqiu56eplek7/app.bsky.feed.post/3m2wh562qc22y,2025-10-11 14:59:00.64+00,2025-12-30 12:22:27.333324+00,,,
68,68,1,我想学阿拉伯语。我没学过从右往左写的文字，所以对此很感兴趣。日语的教材比较少，但我想从记文字的写法开始学。,アラビア語を勉強してみたいです。右から書く文字を勉強したことがないので、興味があります。日本語の教材が少なめですが、最初は文字の書き方を覚えるとこから始めたいです。,at://did:plc:f2ud37i6vbafoqiu56eplek7/app.bsky.feed.post/3m2ytfm73sc2s,2025-10-12 13:43:48.276+00,2025-12-30 12:22:27.440325+00,,,
69,69,1,现在晚上十点二十分。明天有工作，我该睡觉了。我想要更多休息的时间。,今は夜10時20分です。明日は仕事があるので、そろそろ寝ないといけません。もっと休みが欲しいな。,at://did:plc:f2ud37i6vbafoqiu56eplek7/app.bsky.feed.post/3m33d3ghafk2i,2025-10-13 13:29:46.054+00,2025-12-30 12:22:27.532304+00,,,
70,70,1,"我是比较乐观的人。
与其说是个乐观主义者，不如说是努力往乐观的方向想。我觉得如果可以的话，还是那样比较好。","比較的楽観的な方だと思います。
楽観主義というより、楽観的に考えるようにしています。できるならその方がいいと思っているからです。",at://did:plc:f2ud37i6vbafoqiu56eplek7/app.bsky.feed.post/3m35qsdyfks2u,2025-10-14 12:40:33.343+00,2025-12-30 12:22:27.63832+00,,,
71,71,1,"我记性很差，不擅长背东西。
因为背一个词时候，我需要记住它的写法，拼音和意思，所以对我来说学汉语很难。我会努力记住更多的词。","記憶力は悪いです。暗記するのが苦手で。
一単語覚えるために書き方、拼音と意味を覚えないといけないので、中国語を勉強するのは私には難しいです。たくさん言葉を覚えるように頑張ります。",at://did:plc:f2ud37i6vbafoqiu56eplek7/app.bsky.feed.post/3m3aesvn7l22p,2025-10-15 13:44:06.164+00,2025-12-30 12:22:27.74423+00,,,
72,72,1,"我有些担心我的健康。
最近我常常干呕，感觉不舒服。我已经去看过医生了，但还没查出原因。",健康を少し心配しています。最近よくえずいていて、気分が悪いです。医者にはもう行ったのですが、まだ原因はわからないんですよね。,at://did:plc:f2ud37i6vbafoqiu56eplek7/app.bsky.feed.post/3m3cqcaathk24,2025-10-16 12:14:51.246+00,2025-12-30 12:22:27.857229+00,,,
73,73,1,"我想改掉不良的姿势。我有驼背的毛病。
不良的姿势对健康不好，我的腰和肩膀都疼。","姿勢を直したいです。猫背なんです。
よくない姿勢は健康に良くないですし、腰も肩も痛いんですよね。",at://did:plc:f2ud37i6vbafoqiu56eplek7/app.bsky.feed.post/3m3fdxnqta22r,2025-10-17 13:12:10.616+00,2025-12-30 12:22:27.955025+00,,,
74,74,1,"我目前没有打算换发型。因为这样对我来说很舒适，我一直留短发。
还有，我练习格斗技，而且不擅长扎头发，所以短发是个好选择。","今のところ髪型を変えるつもりはありません。個人的に楽なので、ずっと短髪にしています。
それと、格闘技をやっていて、かつ髪を結うのが苦手なので、短髪は良い選択肢なんです。",at://did:plc:f2ud37i6vbafoqiu56eplek7/app.bsky.feed.post/3m3hdbyj3m22u,2025-10-18 08:05:23.176+00,2025-12-30 12:22:28.070767+00,,,
75,75,1,我喜欢海。在海边长大，所以看到海就心平气和。而且我喜欢吃新鲜的鱼。,海が好きです。海辺で育ったので、海を見ると落ち着きます。それに鮮魚を食べるのが好きなんですよね。,at://did:plc:f2ud37i6vbafoqiu56eplek7/app.bsky.feed.post/3m3jomkoa622c,2025-10-19 06:33:28.4+00,2025-12-30 12:22:28.172648+00,,,
76,76,1,我明天要上班。但是不会太忙，下班后会玩游戏。我想玩《宝可梦传说Z-A》！,明日は仕事があります。ものすごく忙しいわけではないので、仕事が終わったらゲームをします。ポケモンZAを進めたいです！☺️,at://did:plc:f2ud37i6vbafoqiu56eplek7/app.bsky.feed.post/3m3mpc4x3ss22,2025-10-20 11:23:31.423+00,2025-12-30 12:22:28.267012+00,,,
77,77,1,我小时候梦想当医生或漫画家。结果我成了程序员。我觉得现在的工作比较开心，还不错。,小さい頃は医者とか漫画家になりたかったです。結果的にはプログラマになりましたが。比較的楽しいので、悪くないですよ。,at://did:plc:f2ud37i6vbafoqiu56eplek7/app.bsky.feed.post/3m3pciw5tb22k,2025-10-21 12:12:39.756+00,2025-12-30 12:22:28.366826+00,,,
78,78,1,如果我能在这儿写的话，那就不是黑历史。失败了需要反省，但除此之外，我不太想回忆过去。知道了吗？,ここにかけるなら黒歴史じゃありません。失敗したときは反省が必要ですが、それ以外で自分の過去はあまり思い出したくありません。わかりましたか？,at://did:plc:f2ud37i6vbafoqiu56eplek7/app.bsky.feed.post/3m3rrewhfk22y,2025-10-22 11:44:11.456+00,2025-12-30 12:22:28.467169+00,,,
79,79,1,昨天中午我想做面，就用炉子烧水，但是忘了开火了。我自己都吃了一惊。我太粗心了。,昨日のお昼に麺を作ろうと思ってコンロで水を沸かそうとしたのですが、火をつけるのを忘れていました。自分にびっくりです。不注意がすぎる。,at://did:plc:f2ud37i6vbafoqiu56eplek7/app.bsky.feed.post/3m3uc7jomvc2y,2025-10-23 11:50:43.377+00,2025-12-30 12:22:28.567771+00,,,
80,80,1,最近我会先听Claude的意见。不管问谁，都要先整理我自己的想法。整理好之后，再考虑听谁的意见。,最近は最初にClaudeの意見を聞きます。誰に聞くとしても、まず自分の意見を整理する必要があるからです。整理されたら、それから誰の意見を聞いてみるか考えます。,at://did:plc:f2ud37i6vbafoqiu56eplek7/app.bsky.feed.post/3m3x3pqn6ps26,2025-10-24 14:32:30.563+00,2025-12-30 12:22:28.684684+00,,,
81,81,1,我会选曼谷。我曾经在曼谷住过一年，感觉很舒服。我喜欢那儿的气候，而且食物也很好吃。,バンコクを選びます。昔1年ほど住んだことがあり、よかったんです。気候が好きで、食べ物も美味しいですから。,at://did:plc:f2ud37i6vbafoqiu56eplek7/app.bsky.feed.post/3m3zp5eghec2i,2025-10-25 15:25:28.093+00,2025-12-30 12:22:28.775568+00,,,
82,82,1,"我买过的最满意的东西是保温杯。
因为我工作的时候经常喝热茶，所以它很方便。天气越来越冷，我觉得今年也会很有用。","買ってよかったのは保温マグですね。
作業中いつも熱いお茶を飲んでいるので、とても便利です。だんだん寒くなっているので、今年も活躍してくれると思います。",at://did:plc:f2ud37i6vbafoqiu56eplek7/app.bsky.feed.post/3m43ti4v6uk2d,2025-10-26 11:48:23.73+00,2025-12-30 12:22:28.861838+00,,,
83,83,1,"冬天必备的是电热毯。
冬天工作的时候，我的脚特别冷，所以离不开它。电热毯和保温杯里的热茶是我冬天最重要的伙伴。","冬の必需品は電気毛布です。
冬場に作業時は足がすごく冷えるので、手放せません。電気毛布と保温マグに入れた熱いお茶は、私の冬の重要なお供です。",at://did:plc:f2ud37i6vbafoqiu56eplek7/app.bsky.feed.post/3m46lz37ah22z,2025-10-27 14:12:41.668+00,2025-12-30 12:22:28.953955+00,,,
84,84,1,"我有时听中文歌曲。
看了《罗小黑战记》电影后，我就开始听了。还听不懂歌词，我需要多锻炼听力。",ときどき聞きます。映画「羅小黒戦記」をみてから聞き始めました。歌詞が聞き取れないので、もっとリスニング力を鍛える必要があります。,at://did:plc:f2ud37i6vbafoqiu56eplek7/app.bsky.feed.post/3m4b6dtpr2c2f,2025-10-28 14:46:09.749+00,2025-12-30 12:22:29.05514+00,,,
85,85,1,"最近我太累了，想不起感动的事情。
虽然有时有开心的事情，但是现在没有余力。
天气越来越冷，我得先把健康调整好。",最近疲れすぎてて感動したこと思い出せません。ときどき楽しいことはあるのですが、今余裕がありません。だんだん寒くなっているし、まず調子を整えないとな。,at://did:plc:f2ud37i6vbafoqiu56eplek7/app.bsky.feed.post/3m4djzhggss2n,2025-10-29 13:20:25.695+00,2025-12-30 12:22:29.150452+00,,,
86,86,1,最让我开心的礼物是我好朋友画的灯笼鱼的画！灯笼鱼是我最喜欢的神奇宝贝之一。我很高兴，正在找好的画框。,最近だと友達が描いてくれたチョンチーの絵かな。チョンチーは私が大好きなポケモンの1匹です。すごく嬉しかったので、額縁を探しています。,at://did:plc:f2ud37i6vbafoqiu56eplek7/app.bsky.feed.post/3m4ejinbrvs2h,2025-10-29 22:43:41.147+00,2025-12-30 12:22:29.261912+00,,,
87,87,1,我比较擅长整理。但是我经常把东西叠起来放，所以很难维持整洁。快到年底了，我想好好整理一下。,片付けは比較的得意です。でもいつもものを重ねてしまうので維持するのは難しいです。そろそろ年末なので、片付けを進めたいです。,at://did:plc:f2ud37i6vbafoqiu56eplek7/app.bsky.feed.post/3m4io64tjsc2r,2025-10-31 14:17:56.021+00,2025-12-30 12:22:29.346868+00,,,
88,88,1,我想说“早点儿睡觉”。我有很多想在周末做的事情，所以我想星期六早点儿起床。这个周末是三连休，所以今天一定要早点儿睡觉。,「早く寝て」と言いたいですね。週末にやりたいことがたくさんあるので、土曜日は早く起きたいんですよね。今週は三連休なので、今日こそ早く寝たいですね。,at://did:plc:f2ud37i6vbafoqiu56eplek7/app.bsky.feed.post/3m4kg2rqgo222,2025-11-01 06:58:13.265+00,2025-12-30 12:22:29.431851+00,,,
89,89,1,"因为我有很多想做的事情，所以能做到这些事情的那天让我感到很充实。每周我都想""这个周末要学外语、看电影、运动、玩游戏！""，但实际上因为太累了，最后只是吃饭睡觉就结束了。我需要更多的休息时间。",やりたいことがたくさんあるので、そういうことができた日は充実していると感じます。毎週「週末は外国語勉強して映画見て運動してゲームして〜」と考えているのに実際には疲れていてご飯を食べて寝るだけで終わっています。もっと休暇が必要かな。,at://did:plc:f2ud37i6vbafoqiu56eplek7/app.bsky.feed.post/3m4mudg4cck2f,2025-11-02 06:18:54.922+00,2025-12-30 12:22:29.5319+00,,,
90,90,1,"没有特别想做的事情。我不想做伤害别人信任的事，而且也担心能力什么时候会消失。
所以我会照常过日子。",特別なことは何も。信頼や安心を損ねることはしたくないですし、いつ能力が切れるかも心配です。なのでいつも通り過ごします。,at://did:plc:f2ud37i6vbafoqiu56eplek7/app.bsky.feed.post/3m4pjuyzrvs26,2025-11-03 07:49:53.243+00,2025-12-30 12:22:29.639313+00,,,
91,91,1,我大概有五十个LINE好友。除了家人和朋友以外，几乎不联系。快到年底了，想清理一下联系人。,だいたい50人くらいです。家族と友人以外はほとんど連絡を取りません。そろそろ年末だし、連絡先整理しようかな。,at://did:plc:f2ud37i6vbafoqiu56eplek7/app.bsky.feed.post/3m4sa66iqrs26,2025-11-04 09:34:02.763+00,2025-12-30 12:22:29.726279+00,,,
92,92,1,我不想说我的血型。除了输血，问血型有什么意义呢？不好意思，我不太喜欢被别人根据血型评价我。,血液型言いたくないな〜。輸血以外で血液型効くの意味あります？すみません、血液型を根拠に色々言われるのが好きではなく。,at://did:plc:f2ud37i6vbafoqiu56eplek7/app.bsky.feed.post/3m4utge32yc2t,2025-11-05 10:23:57.613+00,2025-12-30 12:22:29.815973+00,,,
93,93,1,我没染过头发。如果要染的话，想染成红色，但是我不想全部染。我对挑染比较感兴趣。,髪を染めたことはありません。もし染めるなら赤が選択肢の一つですが、全体は染めたくないな。インナーカラーに興味があります。,at://did:plc:f2ud37i6vbafoqiu56eplek7/app.bsky.feed.post/3m4xjjihvo22a,2025-11-06 12:04:44.688+00,2025-12-30 12:22:29.934336+00,,,
94,94,1,"我觉得好好休息和去看医生很重要。
要摄取营养，多喝水，好好睡觉。医生会给我开适当的药。",よく休むこととお医者さんに行くのが重要だと思います。栄養を摂って、水をたくさん飲み、よく寝ます。お医者さんは大体適切な薬をくれますしね。,at://did:plc:f2ud37i6vbafoqiu56eplek7/app.bsky.feed.post/3m4zq7xuga22l,2025-11-07 09:10:00.952+00,2025-12-30 12:22:30.05542+00,,,
95,95,1,最近夏天太热了，尽量待在空调房里。中午特别热，所以要出门的时候，早点儿或者晚点儿出去。打太阳伞和多喝水也很重要。,最近の夏は暑すぎるので、できるだけ空調の効いた部屋にいます。昼間は特に暑いので、出かけないといけないときは早めもしくは遅めに出ます。日傘と水分補給も重要です。,at://did:plc:f2ud37i6vbafoqiu56eplek7/app.bsky.feed.post/3m572johmtk2t,2025-11-09 11:57:42.75+00,2025-12-30 12:22:30.145876+00,,,
96,96,1,我喜欢收集宝可梦。玩游戏的时候，我最喜欢收集宝可梦和填满图鉴。我也想收集布娃娃，但是没有足够的空间和钱。,ポケモンを集めるのが好きです。ゲームで遊ぶときは集めて図鑑を埋めるのを1番楽しんでいます。ぬいぐるみも集めたいけど、場所もお金も足りません。,at://did:plc:f2ud37i6vbafoqiu56eplek7/app.bsky.feed.post/3m5bp7avcoc2n,2025-11-10 13:13:01.029+00,2025-12-30 12:22:30.23182+00,,,
97,97,1,"讨厌做的家务吗？全部！
对我来说，家务都很麻烦。当然，不能不做家务，只能不情愿地做……。","嫌いな家事！？全部です。
私にとって家事はすべからく面倒です。もちろん、家事をしないことはできないので、渋々やるのですが……。",at://did:plc:f2ud37i6vbafoqiu56eplek7/app.bsky.feed.post/3m5dscjnxms2a,2025-11-11 09:13:51.591+00,2025-12-30 12:22:30.332558+00,,,
98,98,1,我最喜欢汤圆！自从在中华街吃了黑芝麻汤圆以后，去中餐馆的时候，一定会看菜单上有没有汤圆。但是经常卖完了，所以我平时在KALDI买速冻汤圆。,湯円が大好きです。中華街で黒胡麻湯円を食べて以降、中華屋に行くときは必ずメニューにないか探します。ただ売り切れていることが多いので、普段はカルディで冷凍湯円を買っています。,at://did:plc:f2ud37i6vbafoqiu56eplek7/app.bsky.feed.post/3m5gj25mzzc2h,2025-11-12 11:06:06.081+00,2025-12-30 12:22:30.428752+00,,,
99,99,1,"我觉得我小时候是个爱顶嘴的孩子。
现在可能也没什么变化。以后也会一直这样吗？",生意気な子どもだったと思う。まあ今とあまり変わらないかも。このままずっとこうなのかな？,at://did:plc:f2ud37i6vbafoqiu56eplek7/app.bsky.feed.post/3m5itjkds6c2t,2025-11-13 09:18:59.622+00,2025-12-30 12:22:30.51619+00,,,
100,100,1,"今天是阴天，很冷。
我没出门，但是身体都凉了🥶我不喜欢这么冷的季节。","今日は曇っていて、寒かったです。
外に出なかったのに、身体が冷えました。寒い季節は好きではありません。",at://did:plc:f2ud37i6vbafoqiu56eplek7/app.bsky.feed.post/3m5lx5efpwk2n,2025-11-14 15:01:44.923+00,2025-12-30 12:22:30.625208+00,,,
101,101,1,区别在于拥有的信息量。做判断需要信息，需要知识和经历。无论是大人还是小孩，都是人。,違いは持ってる情報量かな。判断するのには知識とか経験とか情報が必要だと思うから。大人でも子どもでも人間であることに変わりはないし。,at://did:plc:f2ud37i6vbafoqiu56eplek7/app.bsky.feed.post/3m5qsvj3lqk2m,2025-11-16 13:29:05.122+00,2025-12-30 12:22:30.702692+00,,,
102,102,1,"我每周都买牛奶。用牛奶冲蛋白粉喝。
最近很冷，喝热牛奶也很好。",毎週牛乳を買っています。プロテインを牛乳に溶かして飲んでいます。最近は寒いので、ホットミルクも良いです。,at://did:plc:f2ud37i6vbafoqiu56eplek7/app.bsky.feed.post/3m5tdvkqv3223,2025-11-17 13:38:39.957+00,2025-12-30 12:22:30.804922+00,,,
103,103,1,"我喜欢学习外语，所以有很多想学的语言。
最近我开始学习阿拉伯语。阿拉伯语的字跟汉语和日语完全不一样，很有意思。",外国語を勉強するのが好きなので、学びたい言語はたくさんあります。最近アラビア語を勉強し始めました。アラビア語の文字は中国語や日本語と違うので、興味深いです。,at://did:plc:f2ud37i6vbafoqiu56eplek7/app.bsky.feed.post/3m5veo5lm3c2j,2025-11-18 08:57:44.489+00,2025-12-30 12:22:30.892424+00,,,
104,104,1,我喜欢《罗小黑战记》。那部电影是我开始学习汉语的契机。最近《罗小黑战记2》日配版终于出了，很高兴。,羅小黒戦記が好きです。私が中国語を勉強し始めるきっかけになった映画です。最近ついに羅小黒戦記2の日本語吹き替え版が来て、とても楽しんでいます。,at://did:plc:f2ud37i6vbafoqiu56eplek7/app.bsky.feed.post/3m5y6cggqnk2h,2025-11-19 11:41:47.878+00,2025-12-30 12:22:30.979241+00,,,
105,105,1,漫画《JOJO的奇妙冒险》里阿巴基奥朋友的台词。他说“重要的是追求真相的意志”。我觉得这句话很适合现在的情况。,漫画「ジョジョの奇妙な冒険」のアバッキオの友人のセリフです。「真実に向かう意思」について話しています。最近の情勢にも合っていると思います。,at://did:plc:f2ud37i6vbafoqiu56eplek7/app.bsky.feed.post/3m62fddqqr226,2025-11-20 08:52:54.28+00,2025-12-30 12:22:31.076687+00,,,
106,106,1,我想不出来。我对疾病的历史有兴趣，但是没有特别想见的人。现在重新学习历史，明年也许就会有想见的人了。,思いつきません。病気の歴史に興味がありますが、人は思いつきません。今歴史を勉強し直しているので、来年は誰かいるかもしれません。,at://did:plc:f2ud37i6vbafoqiu56eplek7/app.bsky.feed.post/3m65es7qdmk2e,2025-11-21 13:21:18.865+00,2025-12-30 12:22:31.173778+00,,,
107,107,1,"我最近没哭。
生活比较忙，但没有让我哭的事情。有点儿累，所以我也许在避开容易感动的东西。",最近は泣いていません。生活は比較的忙しいですが、泣くようなことはありません。ちょっと疲れているから、感動するもの避けているかも。,at://did:plc:f2ud37i6vbafoqiu56eplek7/app.bsky.feed.post/3m67epkrprs2q,2025-11-22 08:25:09.259+00,2025-12-30 12:22:31.28188+00,,,
108,108,1,说实话，我可能每一天都很容易忘掉……。我觉得我的记忆都很模糊。而且我想马上忘掉不愉快的事情。,結局どんな日も簡単に忘れているかも……。自分の記憶はいつも曖昧だと感じています。悪いことはすぐ忘れたいし。,at://did:plc:f2ud37i6vbafoqiu56eplek7/app.bsky.feed.post/3m6cfi6gam224,2025-11-23 13:16:54.376+00,2025-12-30 12:22:31.387295+00,,,
109,109,1,"我还没去过中国。
从开始上汉语课到现在,快一年了，所以我想去中国旅游。第一次去哪儿好呢？",まだ行ったことがありません。中国語の授業を受け始めてからそろそろ1年経つので、中国旅行に行きたいです。最初はどこに行くのがいいかな？,at://did:plc:f2ud37i6vbafoqiu56eplek7/app.bsky.feed.post/3m6gzljax3k2k,2025-11-25 09:27:20.19+00,2025-12-30 12:22:31.508718+00,,,
110,110,1,"我联想到苹果。苹果是我长大的地方的特产。
现在是冬天，正值苹果的季节，商店里有很多苹果甜点，我很高兴。",りんごを連想します。りんごは育った土地の特産品です。今冬のりんごの季節で、たくさんのりんごのお菓子があり、嬉しいです。,at://did:plc:f2ud37i6vbafoqiu56eplek7/app.bsky.feed.post/3m6juab3llc2m,2025-11-26 12:29:33.033+00,2025-12-30 12:22:31.670292+00,,,
111,111,1,大概要走十五分钟。跑的话，要六分钟。我总是慢慢地出门，然后全力跑步，刚好来得及。,だいたい歩いて15分です。走るとだいたい6分です。いつもゆっくり出て、全力で走って、時間ギリギリで間に合わせています。,at://did:plc:f2ud37i6vbafoqiu56eplek7/app.bsky.feed.post/3m6p6tkr6jk25,2025-11-28 15:22:36.822+00,2025-12-30 12:22:31.808694+00,,,
112,112,1,我吃东西吃得很慢。对我来说，吞咽比较困难，所以需要细嚼慢咽。我想吃快一点儿。,食べるのは遅いです。私にとっては飲み込むのが難しいので、よく噛む必要があります。もう少し早く食べたいです。,at://did:plc:f2ud37i6vbafoqiu56eplek7/app.bsky.feed.post/3m6p6tysihc25,2025-11-28 15:22:51.546+00,2025-12-30 12:22:31.903096+00,,,
113,113,1,"我喜欢现在用的钢笔。这支笔书写流畅。
从九月到现在，我一直用这支笔写着这些日记。",今使っている万年筆はお気に入りです。書き心地が良いです。9月から今まで、ずっとこの万年筆を使ってこの日記を書いています。,at://did:plc:f2ud37i6vbafoqiu56eplek7/app.bsky.feed.post/3m6rgplymn22k,2025-11-29 12:48:53.308+00,2025-12-30 12:22:31.996594+00,,,
114,114,1,我想带各种工具。我需要水、食物和温暖的睡觉的地方。说实话、我想尽快回家。,色々道具を持っていきたいです。私たちには水と食べ物と温かい寝床が必要ですし。正直に言うと一刻も早く帰りたいですけど。,at://did:plc:f2ud37i6vbafoqiu56eplek7/app.bsky.feed.post/3m6ypvi7owc2c,2025-12-02 10:21:52.517+00,2025-12-30 12:22:32.09213+00,,,
115,115,1,我觉得自己比较内向。比小时候好一点儿，现在还不擅长。跟别人说话后，累得不行。,人見知りする方だと思います。昔より少しマシになりましたが、まだ得意ではありません。他の人と話すと、いつもすごく疲れます。,at://did:plc:f2ud37i6vbafoqiu56eplek7/app.bsky.feed.post/3m73dzgj5uc2e,2025-12-03 11:27:19.261+00,2025-12-30 12:22:32.183244+00,,,
116,116,1,现在我上汉语课的老师真好，所以我觉得我不会忘记他。他的课很有趣，也很易懂。每节课有九十分钟，但是我感到每节课都一眨眼就下课了。,今受けている中国語の先生はとても良くて、彼を忘れないと思います。授業が楽しくてわかりやすいです。90分授業ですが、いつもあっという間に終わっていると感じます。,at://did:plc:f2ud37i6vbafoqiu56eplek7/app.bsky.feed.post/3m75w2fwj6k2r,2025-12-04 11:55:19.035+00,2025-12-30 12:22:32.281009+00,,,
117,117,1,我不常欣赏这些。实际上我没有欣赏话剧和音乐剧的习惯。偶尔去美术馆和博物馆。,普段鑑賞はしません。実のところ演劇やコンサートに行く習慣がありません。ときどき美術館や博物館にはいきます。,at://did:plc:f2ud37i6vbafoqiu56eplek7/app.bsky.feed.post/3m7ak7u3jv22r,2025-12-05 13:01:35.964+00,2025-12-30 12:22:32.37098+00,,,
118,118,1,"上学的时候我喜欢英语课和数学课。
我觉得当时不知道社会课那么有意思。我现在比当时更享受学习各种东西。",学校に通っていたころは英語と数学が好きでした。当時は社会科がどう面白いかわかっていなかったと思います。今は当時よりも色々学ぶのが楽しいです。,at://did:plc:f2ud37i6vbafoqiu56eplek7/app.bsky.feed.post/3m7ckcjml422o,2025-12-06 08:08:25.129+00,2025-12-30 12:22:32.462636+00,,,
119,119,1,我坐交通工具的时候，一般都在睡觉。我也不知道为什么，总是犯困。不睡觉的时候，就玩手机或者看书。,乗り物に乗っている時はだいたい寝ています。理由はわからないけれど、いつも眠くなるんです。寝ていない時は、スマホか本を見ています。,at://did:plc:f2ud37i6vbafoqiu56eplek7/app.bsky.feed.post/3m7fijdr7jc23,2025-12-07 12:14:25.601+00,2025-12-30 12:22:32.559802+00,,,
120,120,1,因为我迷上了中国动画片。我看过的动画片有日语配音，但是我想听懂原版。现在比以前能多理解一点儿了，我很高兴。,中国のアニメにハマったからです。私が見たアニメは日本語吹き替えがありましたが、原語を理解したいと思いました。今は以前より少し理解できるようになり、嬉しいです。,at://did:plc:f2ud37i6vbafoqiu56eplek7/app.bsky.feed.post/3m7i3suloos2u,2025-12-08 13:05:05.807+00,2025-12-30 12:22:32.699681+00,,,
121,121,1,我不知道！我不喜欢生活的变化，但是随着时间的流逝，事物总在变化。现在只希望一切平安。,わかりません！生活の変化はあまり好きではありませんが、時間の流れとともに物事は変わっていきます。今はただ平穏を祈るのみです。,at://did:plc:f2ud37i6vbafoqiu56eplek7/app.bsky.feed.post/3m7k6rjlv3s2g,2025-12-09 09:03:21.427+00,2025-12-30 12:22:32.806406+00,,,
122,122,1,我搬过六次家。搬家很麻烦，但是换换环境也不错。下次搬家的时候，想住在暖和的地方。,6回引越したことがあります。引越しは面倒ですが環境を変えるのは少し楽しいです。次引越しするときは暖かい場所に住みたいです。,at://did:plc:f2ud37i6vbafoqiu56eplek7/app.bsky.feed.post/3m7n3hjqr222s,2025-12-10 12:42:04.03+00,2025-12-30 12:22:32.907647+00,,,
123,123,1,"我害怕讲不通道理又有攻击性的事。
因为对这种情况，我无能为力。遇到那种情况时，只能逃跑。",話が通じなくて攻撃的なものが苦手です。私にできることがないから。そう言う場面にあったときは、逃げるしかない……。,at://did:plc:f2ud37i6vbafoqiu56eplek7/app.bsky.feed.post/3m7pb37hv4k22,2025-12-11 09:27:52.525+00,2025-12-30 12:22:32.993867+00,,,
124,124,1,现在我想去未来看看。与其说想去未来，不如说想知道世界是否和平。因为最近形势越来越紧张，我感到不安。,今はちょっと未来に行ってみたいです。未来に行きたいというよりは、世界が平和か知りたいです。最近情勢が緊張感を増してきていて、不安な気持ちだからです。,at://did:plc:f2ud37i6vbafoqiu56eplek7/app.bsky.feed.post/3m7zqfnn2ps2l,2025-12-15 13:28:46.43+00,2025-12-30 12:22:33.106953+00,,,
125,125,1,我想去太空旅行。等普通人也能去太空旅行时，太空站会是什么样呢？我对太空城市很感兴趣。,宇宙旅行は行ってみたいです。私たち一般人が宇宙旅行に行ける頃には、宇宙ステーションはどうなってるのでしょう？宇宙の街に興味があります。,at://did:plc:f2ud37i6vbafoqiu56eplek7/app.bsky.feed.post/3ma3syrzbh22t,2025-12-16 09:20:35.521+00,2025-12-30 12:22:33.216949+00,,,
126,126,1,我用环保袋，其他的想不出来。平时不太注意这方面。我需要多学习环保知识。,エコバッグは使っていますが、他は思いつきません。あまり意識していないかも。もっと環境問題について学ぶ必要があります。,at://did:plc:f2ud37i6vbafoqiu56eplek7/app.bsky.feed.post/3ma6qxutcbs2q,2025-12-17 13:22:16.645+00,2025-12-30 12:22:33.308292+00,,,
127,127,1,"我的人生目标是想干什么就干什么。
我体力不够，也没有远大的目标，但是我有很多想做的事。所以我尽量做我想做的事。",やりたいことをやることですかね。体力もないし立派な目標もありませんが、「やりたい」はたくさんあるんです。だからなるべく「やりたい」ことをやりたいです。,at://did:plc:f2ud37i6vbafoqiu56eplek7/app.bsky.feed.post/3mabajc46js2r,2025-12-18 13:05:46.604+00,2025-12-30 12:22:33.407909+00,,,
128,128,1,"我一个人生活了大概十年。
一个人生活很安静，也很舒服。但是感冒的时候，会比较不安。",十年ほど一人暮らししたことがあります。一人暮らしは静かで快適です。ただ風邪を引いたときは不安ですね。,at://did:plc:f2ud37i6vbafoqiu56eplek7/app.bsky.feed.post/3madtagxjps2b,2025-12-19 13:46:10.275+00,2025-12-30 12:22:33.523847+00,,,
129,129,1,我去过两个国家。我在曼谷住了一年，还去过台湾旅游。我正在更新护照，明年我想出国旅行。,二つの国に行ったことがあります。バンコクに一年住んだことがあり、それから台湾に旅行に行ったことがあります。今パスポートを更新中なので、来年は海外旅行に行きたいです。,at://did:plc:f2ud37i6vbafoqiu56eplek7/app.bsky.feed.post/3mafwgzvaq22q,2025-12-20 09:48:52.152+00,2025-12-30 12:22:33.614632+00,,,
130,130,1,我喜欢《摸布想自己賺罐罐》。讲一只叫模布的猫的日常生活的漫画，里面所有的猫都很可爱。其实，我喜欢那位作者的画风。,「三毛猫モブは猫缶を稼ぎたい」が好きです。モブという猫の日常漫画で、漫画に出てくるすべての猫が可愛いです。正直な話、作者さんの絵が好きなんですよね。,at://did:plc:f2ud37i6vbafoqiu56eplek7/app.bsky.feed.post/3maiqbqdtc22v,2025-12-21 12:36:31.136+00,2025-12-30 12:22:33.748791+00,,,
131,131,1,没被蛰过。小时候，妈妈让我不要碰蜂，因为很危险。今后也不想被蜂蛰。,刺されたことはありません。小さい頃に母に危ないから蜂に触るなと言われました。今後も刺されたくありませんね。,at://did:plc:f2ud37i6vbafoqiu56eplek7/app.bsky.feed.post/3mal6zwhal226,2025-12-22 12:05:54.708+00,2025-12-30 12:22:33.852292+00,,,
132,132,1,"有很多，选一个很难。
最近吃的东西中，我最喜欢汤圆。朋友说花生汤圆最好吃，很想尝尝。",たくさんあるから一つ選ぶのは難しいですね。最近知った中でいうと、湯円が1番好きです。友人が1番美味しいと言っていたので、ピーナッツ湯円が食べたいです。,at://did:plc:f2ud37i6vbafoqiu56eplek7/app.bsky.feed.post/3mantq7lpak2a,2025-12-23 13:21:36.802+00,2025-12-30 12:22:33.962137+00,,,
133,133,1,"今天，我正在熬夜。
我应该快点睡，但爱好的事情还没做完。
写完这个后，我就去睡觉。","今日、というか今夜更かし中です。
早く寝るべきなのですが、趣味の作業が終わっていなくて。これを書いたら絶対寝ます。",at://did:plc:f2ud37i6vbafoqiu56eplek7/app.bsky.feed.post/3maqlb2z2tc22,2025-12-24 15:27:57.961+00,2025-12-30 12:22:34.065893+00,,,
134,134,1,"我两个都不常去。
我想去看展览，但是每个周末都很累，去不了。年末休假的时候，我想去某个博物馆或美术馆。",どちらもあまり行きません。展示を見に行きたいのですが、毎週末疲れていて、いけません。年末休暇中に、どこかの博物館か美術館に行きたいですね。,at://did:plc:f2ud37i6vbafoqiu56eplek7/app.bsky.feed.post/3marda5pzp225,2025-12-24 22:36:57.06+00,2025-12-30 12:22:34.245986+00,,,
135,135,1,我是一个爱花钱的人。我总是马上买书。我囤了很多书，所以明年想先把那些书看完。,浪費家ですね。すぐ本買っちゃう。積読がたくさんあるので、来年は先にそっち読みたいですね。,at://did:plc:f2ud37i6vbafoqiu56eplek7/app.bsky.feed.post/3mavibisgik2l,2025-12-26 14:17:49.89+00,2025-12-30 12:22:34.356819+00,,,
136,136,1,我不知道为什么，但是我舍不得扔掉爸爸给我的大王乌贼的嘴。我也不需要，也没什么用。怎么办啊。,なんでかわかりませんが、父からもらったダイオウイカの嘴は捨てられていません。いらないし必要ないのですが。どうしようかな。,at://did:plc:f2ud37i6vbafoqiu56eplek7/app.bsky.feed.post/3maxe3axv2s2a,2025-12-27 08:08:04.863+00,2025-12-30 12:22:34.457545+00,,,
137,137,1,"我有驾照，但已经十年没开车了。
因为我是一个粗心的人，我害怕出事故。
所以当然不喜欢开车。",免許は持っていますがここ10年は運転していません。不注意な人間なので、事故を起こすのが怖いです。当然、運転は好きではありません。,at://did:plc:f2ud37i6vbafoqiu56eplek7/app.bsky.feed.post/3mb2l3sfezs2t,2025-12-28 14:51:38.539+00,2025-12-30 12:22:34.56696+00,,,
138,138,1,"我经常去最近的便利店，没有最喜欢的一家。
每家便利店都有自己的特色，都很好。现在便利店的热食都很好吃。",いつも1番近いコンビニに行くので、特にどこが1番好きというものはありません。どのコンビニも特色があり、良いです。最近のコンビニのホットスナックはどれも美味しいですし。,at://did:plc:f2ud37i6vbafoqiu56eplek7/app.bsky.feed.post/3mb4b4alcw22j,2025-12-29 06:58:15.472+00,2025-12-30 12:22:34.648013+00,,,
139,139,1,"我不会游泳。更确切地说，我会浮在水上，也会一点儿打水，但是不会换气。
游泳需要场地，长大以后，开始学有点儿难啊。","泳げません。正確には、浮けるしバタ足くらいなら少しできるけど、息継ぎができません。
水泳は場所が必要だから、大人になると始めるの難しそうだな。",at://did:plc:f2ud37i6vbafoqiu56eplek7/app.bsky.feed.post/3mb6csoevpk2z,2025-12-30 02:34:01.358+00,2025-12-30 12:22:34.76532+00,,,
140,140,1,我理想中的假日是不用闹钟起床，悠闲地吃早饭，发发呆，然后做想做的事情。我不想着急，希望总是轻松地度过。说实话，我需要一个长假。,私の理想の休日は、目覚まし時計を使わずに起床し、のんびりと朝食を食べ、ぼーっとして、それからやりたいことをやる、です。焦りたくないし、いつもゆったり過ごしたいです。正直に言うと、長い休みが必要です。,at://did:plc:f2ud37i6vbafoqiu56eplek7/app.bsky.feed.post/3mbeep4snez2r,2026-01-01 12:31:03.439+00,2026-01-01 12:31:04.167081+00,我理想中的假日是没用闹钟起床，悠悠闲闲吃早饭，无所事事，然后做想做的事情。我不喜欢着急，希望总是安静地度过。其实说，我要长期的休假。,"# 中国語添削メモ（2026年1月1日）

## 原文と修正後

### 原文
我理想中的假日是没用闹钟起床，悠悠闲闲吃早饭，无所事事，然后做想做的事情。我不喜欢着急，希望总是安静地度过。其实说，我要长期的休假。

### 修正後
我理想中的假日是不用闹钟起床，悠闲地吃早饭，发发呆，然后做想做的事情。我不想着急，希望总是轻松地度过。说实话，我需要一个长假。

---

## 修正ポイント

### 1. 没用 → 不用
- 「没用」は過去の事実（使わなかった）
- 「不用」は習慣や希望（使わない）
- 理想を語る文脈では「不用」が適切

### 2. 悠悠闲闲 → 悠闲地
- 動詞「吃」を修飾する場合は「悠闲地」がより自然

### 3. 无所事事 → 发发呆
- 「无所事事」はやや否定的（怠けているニュアンス）
- 「发呆」はリラックスして「ぼーっとする」意味
- 重ね型「发发呆」で軽い感じに

### 4. 不喜欢着急 → 不想着急
- 「焦りたくない」という意志は「不想〜」
- 「不喜欢」は好みの話になる

### 5. 安静地度过 → 轻松地度过
- 「安静」は「静か」という意味
- 「ゆったり」には「轻松」（リラックスした）が適切

### 6. 其实说 → 说实话
- 「正直に言うと」は固定表現「说实话」
- 「其实」は「実は」で単独で使う

### 7. 我要长期的休假 → 我需要一个长假
- 「长期」は大げさ、「长假」が自然
- 「需要」の方が「必要だ」のニュアンスに近い

---

## 学習ポイント

- **没/不の使い分け**: 過去の事実 vs 習慣・意志
- **固定表現**: 说实话、发呆など
- **ニュアンスの違い**: 安静 vs 轻松、要 vs 需要",
141,141,1,我没中过彩票。更确切地说，我没买过彩票。我觉得我对彩票不太感兴趣。,宝くじに当たったことはありません。正確には、宝くじを買ったことがありません。あまり興味がないのだと思います。,at://did:plc:f2ud37i6vbafoqiu56eplek7/app.bsky.feed.post/3mbgzq7htss2k,2026-01-02 13:45:43.308+00,2026-01-02 13:45:44.019354+00,我没中过彩票。跟确切的说，我没买过彩票。我觉得我不太感兴趣。,"# 中国語添削メモ（2025年1月2日）

## 原文と修正後

### 原文
我没中过彩票。跟确切的说，我没买过彩票。我觉得我不太感兴趣。

### 修正後
我没中过彩票。更确切地说，我没买过彩票。我觉得我对彩票不太感兴趣。

---

## 修正ポイント

### 1. 跟确切的说 → 更确切地说
- 「正確には」は固定表現「更确切地说」
- 「跟」は不要
- 副詞を作るのは「地」（「的」ではない）

### 2. 我不太感兴趣 → 我对彩票不太感兴趣
- 「感兴趣」は「对〜感兴趣」の形で使う
- 目的語を明示することで文意が明確に

---

## 学習ポイント

- **固定表現**: 更确切地说（正確に言うと）
- **的/地/得の使い分け**: 動詞を修飾する副詞には「地」
- **对〜感兴趣**: 「〜に興味がある」の構文",
143,142,1,除了日本菜，我还喜欢中国菜和泰国菜。我觉得这两种菜的面条都很好吃。我不喜欢吃太辣的菜，但是我喜欢酸的菜和虾。,日本料理以外だと、中華料理とタイ料理が好きです。どちらも麺類がおいしいと思います。辛すぎる料理は苦手ですが、酸っぱい料理とエビが好きです。,at://did:plc:f2ud37i6vbafoqiu56eplek7/app.bsky.feed.post/3mbj5rma5xm2q,2026-01-03 10:03:18.405+00,2026-01-03 10:03:18.908799+00,除了日本菜、我还喜欢中国菜和泰国菜。我觉得两个面条都很好吃。我不喜欢吃太辣的菜、但是我喜欢酸的菜和虾肉。,"1. **除了日本菜** → **除了日本菜以外**
   - 日本語の「〜以外だと」に対応するため、「除了...以外」の構文を使用する方が自然です。

2. **两个面条** → **两种面条**
   - 「二つの麺類」という意味で「两个」は不適切。「两种」（二種類の）が正しい表現です。

3. **我不喜欢吃太辣的菜、** → **我不喜欢吃太辣的菜，**
   - 中国語では読点「、」ではなくコンマ「，」を使用します。

4. **虾肉** → **虾**
   - 「エビ」は「虾」で十分です。「虾肉」だと「エビの身」という意味になり、やや不自然です。",
144,144,1,我没有爬过富士山。富士山很有名，我一直想爬一次，但还没有去成。明年要不要试试呢？,富士山に登ったことはありません。有名なので、一度登ってみたいのですが、まだできていません。来年行ってみる？,https://bsky.app/profile/en0ki.bsky.social/post/3mbarnh7rqk2l,2025-12-31 02:04:00+00,2026-01-04 02:06:05.046973+00,我没有爬过富士山。富士山很有名，我一直去想尝试爬一次，但还没有做到。明年要不要试试呢？,"1. **一直想 vs 一直去想**
    - 「一直想」⭕ = ずっと思っている
    - 「一直去想」❌ 「去」は不要
  2. **尝试 vs 直接動詞**
    - 「想尝试爬」= 登ってみたい（やや冗長）
    - 「想爬」= 登りたい（シンプル）
    - 「想去爬」= 登りに行きたい
  3. **做到 vs 实现 vs 去成**
    - 「做到」= 達成する（目標・要求を）例：「做到最好」
    - 「实现」= 実現する（願望・計画を）例：「实现梦想」
    - 「去成」= 行けた（口語的、結果補語）例：「没去成」
  4. **要不要试试 vs 去试试吧**
    - 「要不要试试呢？」= やってみようか？（自問自答）
    - 「去试试吧？」= 行ってみようよ（提案）
    - どちらも使えます",
145,143,1,没有。我喜欢现在这种工作。如果跳槽的话，我想选择同样类型的工作。,ありません。今やっているような仕事が好きです。転職するにしても同じ種類の仕事を選びたいです。,at://did:plc:f2ud37i6vbafoqiu56eplek7/app.bsky.feed.post/3mblvqlxcsz2x,2026-01-04 12:17:29.402+00,2026-01-04 03:43:57.290943+00,没有。我喜欢现在一类工作。如果跳槽，我想选择一样类的工作。,"1. **「现在一类工作」→「现在这种工作」**
   - 「一类」は分類を表す言葉で、「今やっている仕事」という文脈では不自然
   - 「这种」（この種の）の方が「今やっているような仕事」という意味により適している

2. **「如果跳槽」→「如果跳槽的话」**
   - 「如果」を使う場合は「的话」を付けることで、より自然な中国語の表現になる

3. **「一样类的工作」→「同样类型的工作」**
   - 「一样类」は中国語として不自然な表現
   - 「同样类型」（同じタイプ）または「同种类型」がより適切",
146,145,1,我露营过。小时候和开始工作的时候露营过。但是总是为了学校或公司的活动，不是我自己的意思。,キャンプはしたことがあります。子どもの頃と、仕事を始めたころです。ただいつも学校や会社のイベントのためで、自分の意志ではありませんでした。,at://did:plc:f2ud37i6vbafoqiu56eplek7/app.bsky.feed.post/3mbo6irappv24,2026-01-05 09:59:29.665+00,2026-01-04 07:00:50.956135+00,我露营过。小时候和开始工作的时候。但是总是为学校或公司活动. 不是我自己的意思。,"1. **第二文の補完**
   - 修正前：`小时候和开始工作的时候。`
   - 修正後：`小时候和开始工作的时候露营过。`
   - 理由：述語が省略されており、文として不完全だったため「露营过」を補いました。

2. **前置詞の修正**
   - 修正前：`为学校或公司活动`
   - 修正後：`为了学校或公司的活动`
   - 理由：「～のために」という目的を表す場合は「为了」を使用し、「学校や会社の活動」という所有関係を明確にするため「的」を追加しました。

3. **句読点の修正**
   - 修正前：`但是总是为学校或公司活动. 不是我自己的意思。`
   - 修正後：`但是总是为了学校或公司的活动，不是我自己的意思。`
   - 理由：関連する内容なので句点ではなく読点でつなげ、一文として自然な流れにしました。",
147,146,1,先多休息一下。调整心情很难，所以我觉得先整理身体状况比较重要。吃喜欢吃的东西，泡热水澡，然后睡觉。,先にたくさん休みます。心の調子を整えるのは難しいので、先に身体の状況を整えます。好きなのを食べて、熱い湯につかり、寝ます。,at://did:plc:f2ud37i6vbafoqiu56eplek7/app.bsky.feed.post/3mbqnc7mb7h2k,2026-01-06 09:29:35.446+00,2026-01-06 04:40:27.299182+00,先休息很多。镇静很难，所以我觉得让身体状况好很重要。吃爱吃的东西，热水澡，睡觉。,"## 主要修正点

**1. ""先休息很多"" → ""先多休息一下""**
- 理由：「たくさん休む」は中国語では""多休息""が自然。""一下""を加えることでより自然な表現になる

**2. ""镇静很难"" → ""调整心情很难""**
- 理由：「心の調子を整える」は""调整心情""が適切。""镇静""は「鎮静する」という意味で文脈に合わない

**3. ""让身体状况好很重要"" → ""先整理身体状况比较重要""**
- 理由：原文の「先に身体の状況を整える」という意味を反映するため""先整理""を使用。""比较重要""でより自然な表現に

**4. ""吃爱吃的东西"" → ""吃喜欢吃的东西""**
- 理由：「好きなもの」は""喜欢的东西""が一般的。""爱吃""より""喜欢吃""の方が自然

**5. ""热水澡"" → ""泡热水澡""**
- 理由：「熱い湯につかる」は動詞""泡""が必要。単に""热水澡""だけでは不完全

**6. 文末に""然后""を追加**
- 理由：一連の動作の流れを表すため、最後の""睡觉""の前に""然后""を加えるとより自然",
148,147,1,我不喜欢跳舞。也没有这个习惯，也不想跳舞。在学校必须跳舞的时候，我总是很忧郁。,踊るのは好きではありません。習慣もないし、踊りたくもありません。学校で踊らないといけなかったときはいつも憂鬱でした。,at://did:plc:f2ud37i6vbafoqiu56eplek7/app.bsky.feed.post/3mbtgvpssq623,2026-01-07 12:13:14.888+00,2026-01-07 12:13:15.662798+00,我不喜欢跳舞。没有习惯，也不想跳舞。在学校要跳舞的时候，我总是很忧郁。,"1. **""没有习惯"" → ""也没有这个习惯""**
   - 理由：「習慣もない」という意味をより自然に表現するため、""也""を追加し、""这个""を加えることで「そのような習慣」という意味を明確にしました。

2. **""要跳舞"" → ""必须跳舞""**
   - 理由：日本語の「踊らないといけなかった」は強制的なニュアンスがあるため、""要""より""必须""の方が「しなければならない」という義務感をより適切に表現できます。

3. **""忧郁"" → ""忧郁""**
   - 理由：漢字は正しいですが、HSK4級レベルでは""郁闷""や""不高兴""などの表現の方が一般的です。ただし、""忧郁""も間違いではないのでそのまま使用可能です。

全体的に、中国語として十分通じる内容で、HSK4級レベルとしては良い文章です。",
149,148,1,十多年前我去过大城。当时我不了解历史，只觉得很漂亮。如果现在再去的话，我想先学习一下历史。,十年以上前にアユタヤに行きました。当時は歴史を知らなくて、ただ綺麗だと思いました。今また行くなら、先に勉強したいです。,at://did:plc:f2ud37i6vbafoqiu56eplek7/app.bsky.feed.post/3mbvphjb7gd2p,2026-01-08 09:51:39.511+00,2026-01-08 04:52:28.62381+00,十年多年前我去过大城。当时我不知道历史，所以只觉得很漂亮。如果再去一点儿，我想先学习历史。,"## 修正箇所

1. **十年多年前** → **十多年前**
   - 「十年多年前」は重複表現で不自然です
   - 「十多年前」（十数年前）が正しい表現

2. **不知道** → **不了解**
   - 「知道」は単純な事実を知っているかどうか
   - 「了解」は理解・把握の意味で、歴史に対してはこちらが適切

3. **所以只觉得** → **只觉得**
   - 「所以」（だから）は不要。「当时」（当時）から自然に続く文脈

4. **如果再去一点儿** → **如果现在再去的话**
   - 「一点儿」は量詞で、ここでは文法的に不適切
   - 「现在」を加えて「今また行くなら」のニュアンスを表現
   - 「的话」を加えて仮定の表現をより自然に

5. **学习历史** → **学习一下历史**
   - 「一下」を加えることで「ちょっと勉強する」という軽い動作を表現し、より自然",
150,149,1,我平时仰着睡觉。腰疼的时候侧着睡。我大概一躺下就睡着了，所以不太记得......。,普段は仰向けで寝ています。腰が痛いときは横向きで。だいたい横になるとすぐ寝てしまうから、あんまり覚えてはいませんが……。,at://did:plc:f2ud37i6vbafoqiu56eplek7/app.bsky.feed.post/3mbynqpmfso2q,2026-01-09 13:59:01.331+00,2026-01-09 13:59:02.106395+00,我平时仰着睡。腰疼的时候，侧面而卧。我大概躺着就睡觉，不太记得真的睡姿啊。,"1. **「仰着睡」→「仰着睡觉」**
   - 「睡觉」を追加することで、より自然で完整な表現になります。

2. **「侧面而卧」→「侧着睡」**
   - 「侧面而卧」は書面語的で堅すぎます。「侧着睡」の方が自然で口語的です。
   - 前半と統一感も保てます。

3. **「我大概躺着就睡觉」→「我大概一躺下就睡着了」**
   - 「一...就...」の構文を使って「すぐに」という意味をより明確に表現
   - 「躺下」（横になる）と「睡着了」（眠ってしまう）で動作の流れを自然に表現

4. **「不太记得真的睡姿啊」→「所以不太记得......」**
   - 「所以」を加えて因果関係を明確にする
   - 「真的睡姿」は不自然。文脈から何を覚えていないかは明らかなので省略可能
   - 「......」で「あまり覚えていませんが」という曖昧な語尾を表現",
151,150,1,最近的事是买台式电脑的时候没有量尺寸。与其说是后悔，不如说是失败吧。我当时只确认了性能就满意了😇,最近のだとデスクトップパソコン買ったときにちゃんとサイズを測らなかったこと。後悔というより失敗かも。そのときは性能だけ確認して満足してたから😇,at://did:plc:f2ud37i6vbafoqiu56eplek7/app.bsky.feed.post/3mc2pdvvqeo2q,2026-01-10 09:33:00.921+00,2026-01-10 09:33:01.914465+00,最近的事是买台式机的时候不量尺寸。不是后悔，而且失败吧。我当时只确认了那个性能就满意了。,"1. **台式机** → **台式电脑**
   - 「台式机」も間違いではありませんが、「台式电脑」の方が一般的で自然な表現です

2. **不量** → **没有量**
   - 過去の行為について「～しなかった」と表現する場合、「没有＋動詞」を使う方が自然です

3. **不是后悔，而且失败吧** → **与其说是后悔，不如说是失败吧**
   - 日本語の「後悔というより失敗かも」のニュアンスを表現するには「与其说...不如说...」（～というより～だ）の構文が適切です
   - 「而且」は「そして、さらに」という意味なので、ここでは不適切です

4. **那个性能** → **性能**
   - ここでの「那个」は不要です。単に「性能」で十分伝わります

5. 絵文字の追加
   - 元の日本語にあった😇を追加しました",
152,151,1,我想吃汤圆。今天我去了KALDI，可是没有库存。真遗憾啊😞,湯円が食べたいです。KALDIに行ったのですが、在庫がありませんでした。すごく残念です😞,at://did:plc:f2ud37i6vbafoqiu56eplek7/app.bsky.feed.post/3mc4jtnva5x2q,2026-01-11 02:59:42.74+00,2026-01-10 16:15:02.728682+00,现在我想吃汤圆。今天我去KALDI，可是没有存货。真抱歉啊😞,"1. **""现在我想吃汤圆"" → ""我想吃汤圆""**
   - 「湯円が食べたいです」という現在の気持ちを表す場合、""现在""は不要です。""我想吃汤圆""で十分現在の気持ちを表現できます。

2. **""今天我去KALDI"" → ""今天我去了KALDI""**
   - 過去の動作を表すため、完了を表す""了""を付ける必要があります。「行った」という完了した動作なので""去了""が適切です。

3. **""存货"" → ""库存""**
   - ""存货""は主に会計用語で「棚卸資産」の意味です。「在庫」という意味では""库存""の方が一般的で適切です。

4. **""真抱歉啊"" → ""真遗憾啊""**
   - ""抱歉""は「申し訳ない」という謝罪の意味です。「残念」という感情を表すには""遗憾""が適切です。",
153,152,1,除了姐姐，其他家人我都有。我和弟弟妹妹的关系特别好，有时候一起去看电影或者去吃好吃的东西。下个月我想跟弟弟去吃河豚。,姉以外はみんないます。弟妹との仲が特に良く、ときどき一緒に映画を観に行ったりおいしいものを食べに行ったりします。来月は弟とフグを食べに行きたいな。,at://did:plc:f2ud37i6vbafoqiu56eplek7/app.bsky.feed.post/3mc7anoosat2x,2026-01-12 04:53:19.244+00,2026-01-12 04:53:20.434127+00,"除了姐姐,我都有.和弟弟妹妹的关系特别好,有时一起去看电影或去吃好吃的东西.下个月我想跟弟弟去吃河豚.","- **「除了姐姐,我都有」** → **「除了姐姐，其他家人我都有」**
  - 理由：「我都有」だけでは「何を持っているのか」が不明確。「其他家人」を追加することで「他の家族はいる」という意味が明確になる
  - コンマを中国式の読点「，」に修正

- **「和弟弟妹妹的关系特别好」** → **「我和弟弟妹妹的关系特别好」**
  - 理由：主語「我」を明示することで文章がより自然になる

- **「有时」** → **「有时候」**
  - 理由：「有时候」の方がより一般的で自然な表現

- **「或」** → **「或者」**
  - 理由：「或者」の方が口語的で自然。HSK4級レベルでは「或者」が適切

- **句読点の修正**
  - 理由：中国語では「，」「。」を使用する",
154,153,1,"我总是去同样的地方，所以没有""最近经常去的地方""。其他时间我基本上都在家。硬要说的话，上Bluesky的频率稍微增加了一些。",いつも同じところに行くから、「最近よく行くところ」はありませんね。ほかの時間は基本的に家にいますし。しいて言うなら Bluesky に来る頻度は少し増えています。,at://did:plc:f2ud37i6vbafoqiu56eplek7/app.bsky.feed.post/3mcc7xzw7sw2d,2026-01-13 09:19:10.574+00,2026-01-12 05:00:35.615639+00,我总是去一样的地方所以，所以没有最近经常去的地方。其他的时间我基本在家。硬要说的话，来看Bluesky的频度比较很多。,"- **一样的地方** → **同样的地方**
  - 理由：「同じところ」は「同样的地方」がより自然な表現です。

- **所以，所以** → **所以**
  - 理由：「所以」が重複しており、一つ削除する必要があります。

- **最近经常去的地方** → **""最近经常去的地方""**
  - 理由：引用符を付けることで、日本語の「」の意味を表現できます。

- **其他的时间** → **其他时间**
  - 理由：「的」は不要です。「其他时间」で十分です。

- **基本在家** → **基本上都在家**
  - 理由：「基本的に」は「基本上」で表現し、「都」を加えることでより自然な中国語になります。

- **来看Bluesky** → **上Bluesky**
  - 理由：SNSを利用することは「上」を使うのが一般的です。

- **频度** → **频率**
  - 理由：「頻度」は中国語では「频率」が正しい表現です。

- **比较很多** → **稍微增加了一些**
  - 理由：「比较很多」は文法的におかしく、「少し増えている」は「稍微增加了一些」が適切です。",
155,154,1,"我不会弹乐器。准确地说，小学时我在课堂上学过竖笛，会演奏一点儿，但是我不知道这能不能叫""会弹乐器""。以后我也想学习音乐。",弾けません。正確に言うなら小学生の時授業でリコーダーを習ってすこし演奏できますが、それを「楽器を弾ける」と言っていいのかわかりません。そのうち音楽も勉強してみたいです。,at://did:plc:f2ud37i6vbafoqiu56eplek7/app.bsky.feed.post/3mcetpr373q2q,2026-01-14 10:17:47.18+00,2026-01-12 05:11:11.898135+00,"我不会弹乐器。说其实因，因为小学生的时候我学过八孔直笛，我会弹那个一些，可是我不知道我可以说""我会弹乐器"".过几天我想学习音乐.","**1. ""说其实因"" → ""准确地说""**
- 「正確に言うなら」は「准确地说」が適切
- 原文の「说其实因」は意味が不明確

**2. ""因为小学生的时候"" → ""小学时""**
- 「小学生の時」は「小学时」または「小学的时候」が正しい
- 「因为」は不要（理由を示す文脈ではない）

**3. ""我学过八孔直笛"" → ""我在课堂上学过竖笛""**
- 「授業で」→「在课堂上」を追加
- 「八孔直笛」→「竖笛」（一般的な表現）

**4. ""我会弹那个一些"" → ""会演奏一点儿""**
- 「那个」は不要
- 「一些」→「一点儿」（程度が少ないことを表す）
- 「弹」→「演奏」（竖笛は吹く楽器なので「演奏」が適切）

**5. ""我可以说"" → ""这能不能叫""**
- より自然な中国語表現に修正
- 「～と言っていいのか」のニュアンスを「能不能叫」で表現

**6. ""过几天"" → ""以后""**
- 「そのうち」は「以后」が適切
- 「过几天」は「数日後」という具体的な近い未来を指す

**7. 「我也想学习音楽」に「也」を追加**
- 「音楽も」の「も」を表現するため",
156,155,1,我有时晕车。我不知道为什么，坐东北新干线的时候，我容易晕车。有什么原因吗？,時々車酔いします。なぜかわかりませんが、東北新幹線に乗るときは酔いやすいです。何か理由があるのでしょうか？,at://did:plc:f2ud37i6vbafoqiu56eplek7/app.bsky.feed.post/3mch5ehufqe2x,2026-01-15 08:15:45.313+00,2026-01-13 14:03:25.889258+00,我有时晕车。我不知道为什么，坐东北新干线的时候，我容易得晕。有什么理由吗？,"| 修正箇所 | 生徒の文章 | 添削後 | 修正理由 |
|---------|-----------|--------|----------|
| 1 | 我容易得晕 | 我容易晕车 | 「晕车」は動詞として使われるため、「得」は不要。また、文脈の統一のため「晕车」と完全な形で表現する方が自然 |
| 2 | 有什么理由吗？ | 有什么原因吗？ | 「原因」の方が「理由」よりも一般的で自然。HSK4級レベルでは「原因」がより適切 |

**全体評価：**
基本的な文章構造は正しく、HSK4級レベルとして十分理解できる内容です。中国語の語順や表現も概ね適切で、大きな文法ミスはありません。",
157,156,1,最近没剪头发。年底前我想清爽一下，一个多月前去剪了。现在差不多又该剪头发了。,最近は切っていません。年末前にすっきりしたくて、1ヶ月以上前に行きました。そろそろまた切る必要がありそうです。,at://did:plc:f2ud37i6vbafoqiu56eplek7/app.bsky.feed.post/3mck4pniotx22,2026-01-16 12:42:05.799+00,2026-01-14 00:25:54.533913+00,最近没剪头发了。我记得剪头发一个多月前，因为年底前我想清爽一下。我觉得就要再剪头发。,"1. **「最近没剪头发了」→「最近没剪头发」**
   - 「最近没剪头发」だけで「最近は切っていない」という意味になります。「了」を付けると不自然になります。

2. **「我记得剪头发一个多月前」→「一个多月前去剪了」**
   - 語順が不自然でした。「記得」（覚えている）も文脈上不要です。
   - 「去剪了」で「切りに行った」という完了の意味が明確になります。

3. **文の構成を調整**
   - 「年底前我想清爽一下，一个多月前去剪了」として、時系列を整理しました。

4. **「我觉得就要再剪头发」→「现在差不多又该剪头发了」**
   - 「差不多该...了」は「そろそろ...する必要がある」という表現として自然です。
   - 「又」を加えて「また」の意味を表現しました。",
158,157,1,我对宝石不太了解，所以没有最喜欢的宝石。平时我也不戴饰品。不过我喜欢蓝色，所以觉得蓝色的宝石很漂亮。,詳しくないので1番好きな宝石はありません。普段装飾品もつけませんし。でも青色が好きなので、青い宝石は綺麗だと思います。,at://did:plc:f2ud37i6vbafoqiu56eplek7/app.bsky.feed.post/3mcmn6kv4kl2d,2026-01-17 12:42:05.756+00,2026-01-15 04:33:59.010998+00,我不精通，没有最喜欢的宝石。平时我不戴饰品。可是我喜欢蓝色，所以觉得蓝色的宝石很漂亮。,"## 修正箇所

1. **「我不精通」→「我对宝石不太了解」**
   - 理由：「精通」は「非常に詳しい、精通している」という意味で、単に「詳しくない」を表現するには強すぎます。「对...不太了解」（〜についてあまり詳しくない）の方が自然です。

2. **「没有最喜欢的宝石」→「所以没有最喜欢的宝石」**
   - 理由：前文との因果関係を明確にするため「所以」（だから）を追加しました。

3. **「平时我不戴饰品」→「平时我也不戴饰品」**
   - 理由：「也」（〜も）を追加することで、「宝石に詳しくない上に、装飾品もつけない」という累加の意味が明確になります。

4. **「可是」→「不过」**
   - 理由：どちらも正しいですが、「不过」の方がより自然で、HSK4級レベルでよく使われる表現です。

## その他
全体的に文法的には正しく書けており、HSK4級レベルとしては良い文章です。",
159,158,1,我会说一门语言，只会日语。我喜欢学习外语，学过英语、汉语和泰语，所以我能用词典理解一些，可是都不会说。我需要练习说话。,一ヶ国語、日本語だけです。外国語を勉強するのが好きで、英語中国語タイ語を勉強したことがあるので辞書を使えば少し理解できますが、どれも話せません。話す練習が必要です。,at://did:plc:f2ud37i6vbafoqiu56eplek7/app.bsky.feed.post/3mcp5nieblr2i,2026-01-18 12:42:05.768+00,2026-01-18 06:43:04.760687+00,我会说一门，只日语。我喜欢学习外语，学过英语，汉语和泰语，所以我能用词典了解一些，可是都不会说。我需要练习说话。,"1. **""我会说一门"" → ""我会说一门语言""**
   - 「一门」だけでは不完全。「一门语言（一ヶ国語）」と完全な表現にする必要があります。

2. **""只日语"" → ""只会日语""**
   - 動詞「会」を補う必要があります。「只会日语（日本語だけができる）」が正しい表現です。

3. **""我能用词典了解一些"" → ""我能用词典理解一些""**
   - 「了解」は「知り合いになる」「調べて知る」という意味が強く、ここでは「理解（理解する）」の方が適切です。",
160,159,1,我记得一些。上个周末我去看老朋友的时候，我们聊了那些事情。每天过得很快，但我想珍惜这样的回忆。,少しは覚えています。先週末旧友に会いに行き、そういう話をしました。毎日過ぎるのは早いですが、こういう思い出は大事にしたいです。,at://did:plc:f2ud37i6vbafoqiu56eplek7/app.bsky.feed.post/3mcro4ftqds2t,2026-01-19 12:42:05.792+00,2026-01-18 23:15:40.756748+00,我记得一些。上个周末我去看旧友的时，我们聊那个的活。每天过很快，我想珍惜这样的回忆。,"## 修正箇所

### 1. ""旧友"" → ""老朋友""
- **理由**: HSK4級レベルでは""老朋友""（古い友人）がより適切。""旧友""は文語的で上級レベル。

### 2. ""去看旧友的时"" → ""去看老朋友的时候""
- **理由**: 時間を表す場合は""的时候""を使う必要がある。""的时""は不完全。

### 3. ""我们聊那个的活"" → ""我们聊了那些事情""
- **理由**: 
  - ""聊""の後に完了を表す""了""が必要
  - ""那个的活""は不自然な表現。""那些事情""（そういうこと）が適切

### 4. ""每天过很快"" → ""每天过得很快""
- **理由**: 時間の経過を表す場合は""过得很快""の構造を使う。

### 5. 文の接続
- **追加**: ""但""（しかし）を追加して、前文との対比関係を明確にした。

## HSK4級レベルでの表現
使用された語彙と文法構造は概ねHSK4級レベルに適しており、基本的な意味は伝わる文章でした。",
161,160,1,我不戴帽子。与其说不想戴帽子，不如说没有这个习惯。最近夏天的阳光很强，所以我觉得应该买顶帽子。,かぶりません。かぶりたくないというより、習慣がありません。最近の夏は日差しが強いので、帽子を買った方がいいとは思います。,at://did:plc:f2ud37i6vbafoqiu56eplek7/app.bsky.feed.post/3mcu6ld6h3i2m,2026-01-20 12:42:05.666+00,2026-01-18 23:21:56.48612+00,我不戴帽子。与其不想戴帽子，不如说没有习惯。最近夏天的阳光很强，所以我觉得买帽子比较好。,"## 修正箇所

### 1. 「与其不想戴帽子，不如说没有习惯」→「与其说不想戴帽子，不如说没有这个习惯」

**理由：**
- 「与其...不如说...」の構文では、「与其说」と「不如说」で対応させる必要があります
- 「没有习惯」→「没有这个习惯」により、「帽子を被る習慣」をより明確に表現

### 2. 「买帽子比较好」→「应该买顶帽子」

**理由：**
- 「〜した方がいい」という推奨の意味を表すには「应该」がより適切
- 「买顶帽子」で量詞「顶」を加えることで、より自然な中国語表現になります

## 全体評価
HSK4級レベルとしては概ね良好です。基本的な文法構造は正しく使えており、意味も適切に伝わっています。",
162,161,1,我喜欢吃西瓜，所以想到西瓜。夏天西瓜比较便宜，也比较容易买到。每年我在超市看到西瓜，就会很高兴。,スイカが好きなので、スイカが思い浮かびます。夏はスイカが比較的安く買いやすいですよね。毎年スーパーでスイカを見ると、嬉しくなります。,at://did:plc:f2ud37i6vbafoqiu56eplek7/app.bsky.feed.post/3mcwp2aytgd25,2026-01-21 12:42:06.139+00,2026-01-20 12:55:27.864169+00,我喜欢吃西瓜，所以我会联想到西瓜。夏天西瓜比较便宜和容易地买。每年我在超市看西瓜，我很高兴。,"## 修正箇所と理由

1. **「我会联想到西瓜」→「想到西瓜」**
   - 「联想」は連想・類推の意味で、この文脈では不自然
   - 単純に「想到」（思い浮かぶ）で十分

2. **「比较便宜和容易地买」→「比较便宜，也比较容易买到」**
   - 「和容易地买」は文法的に不自然
   - 「便宜」と「容易买到」は並列関係なので「也」で繋ぐ
   - 「买到」（買える・手に入る）の方が自然な表現

3. **「看西瓜」→「看到西瓜」**
   - 「看到」（見かける・目にする）の方が自然
   - 単純な「看」だと「見る」という動作に焦点が当たりすぎる

4. **「我很高兴」→「就会很高兴」**
   - 「就会」を加えることで「～すると～になる」という因果関係を明確に表現
   - より自然な中国語の表現パターン",
163,162,1,我想让自己多吃饭。我不太喜欢吃饭，但是到现在我明白了吃饭很重要。我运动很充分，但是吃得不够，所以我的肌肉总是不足。,ご飯をたくさん食べるように言いたいです。あまり食事が好きではないのですが、今になって食事が大事なことがわかりました。十分に運動していましたが、十分食べていなかったの、いつも筋肉が不足していました。,at://did:plc:f2ud37i6vbafoqiu56eplek7/app.bsky.feed.post/3mcz7j6bsj32k,2026-01-22 12:42:05.849+00,2026-01-21 05:48:42.284981+00,我想自己说吃饭很多。我不太喜欢吃饭，可是到现在我明白吃饭很重要。我十分运动，但没十分吃饭，所以我肌肉经常不够。,"## 1. 「我想自己说吃饭很多」→「我想让自己多吃饭」
- **問題点**: 「说」（言う）が不適切で、文構造も不自然
- **理由**: 「〜するように言いたい」は「让自己～」で表現。「很多」→「多」（副詞として使用）

## 2. 「可是」→「但是」
- **問題点**: 文体の統一性
- **理由**: より正式で一般的な表現

## 3. 「我明白」→「我明白了」
- **問題点**: 完了を表すアスペクト助詞の欠如
- **理由**: 「今になってわかった」という変化・実現を表すため「了」が必要

## 4. 「我十分运动」→「我运动很充分」
- **問題点**: 語順と表現の不自然さ
- **理由**: 「十分に運动する」は「运动很充分」がより自然

## 5. 「没十分吃饭」→「吃得不够」
- **問題点**: 「没十分」という表現が不自然
- **理由**: 「十分食べていない」は「吃得不够」で表現するのが適切

## 6. 「我肌肉」→「我的肌肉」
- **問題点**: 所有を表す「的」の欠如
- **理由**: 体の部位を指す場合「的」が必要

## 7. 「经常不够」→「总是不足」
- **問題点**: より適切な表現への変更
- **理由**: 「筋肉が不足している」状態には「不足」がより適切",
164,163,1,我没跳过伞。以前我想试一试，可是现在害怕了。我不知道为什么，还喜欢过山车。,スカイダイビングをしたことはありません。昔はやってみたかったけど、今は怖いです。なぜかわかりませんが、ジェットコースターは今も好きです。,at://did:plc:f2ud37i6vbafoqiu56eplek7/app.bsky.feed.post/3md3py3esjn2k,2026-01-23 12:42:05.464+00,2026-01-22 05:02:09.137819+00,我没跳伞。以前我想试一试，可是现在害怕了。我不知道为什么，还喜欢过山车。,"- **""我没跳伞"" → ""我没跳过伞""**
  - 理由：経験の有無を表す際は「没 + 動詞 + 过」の構造を使います。「跳过伞」で「スカイダイビングをしたことがある」という経験を表現できるため、否定形では「没跳过伞」（スカイダイビングをしたことがない）となります。

その他の部分は適切に書けており、HSK4級レベルとして良い表現です。特に「试一试」「害怕了」「过山车」などの語彙や表現が正しく使われています。",
165,164,1,我没有得到过名人的签名。说实话，我对此不太感兴趣。但是我喜欢我偶像的签名风格的周边产品。,サインをもらったことはありません。正直あまり興味がありません。でも推しのサイン風グッズは好きです。,at://did:plc:f2ud37i6vbafoqiu56eplek7/app.bsky.feed.post/3md6agz7deb2z,2026-01-24 12:42:05.847+00,2026-01-23 02:06:28.726797+00,我没得过名人的签名。说其实，不太感兴趣。可是我喜欢本命的签名样的周边。,"1. **我没得过** → **我没有得到过**
   - ""得到""（手に入れる）という動詞を使い、完全な形で表現する方が自然
   - HSK4級レベルでは完整な動詞表現が推奨される

2. **说其实** → **说实话**
   - ""说实话""（正直に言うと）が正しい慣用表現
   - ""说其实""は不自然な中国語

3. **不太感兴趣** → **我对此不太感兴趣**
   - 主語""我""と目的語""对此""を補って文構造を明確化
   - より完整で自然な表現

4. **可是** → **但是**
   - ""但是""の方がフォーマルで適切
   - HSK4級レベルに適している

5. **本命** → **我偶像**
   - ""本命""は日本語の概念で、中国語では""偶像""（アイドル、推し）を使用

6. **签名样的周边** → **签名风格的周边产品**
   - ""签名风格的""（サイン風の）がより自然な表現
   - ""周边产品""で「グッズ」をより明確に表現",
166,165,1,我没有喜欢的演员。我平时看动画片和游戏实况，没有看电视剧和电视节目的习惯。而且，记住人对我来说比较困难。,好きな俳優はいません。いつもアニメやゲーム実況を見ていて、ドラマやテレビを見る習慣がなくて。あと人を覚えるのもちょっと難しくて。,at://did:plc:f2ud37i6vbafoqiu56eplek7/app.bsky.feed.post/3mdaqvw6sqe25,2026-01-25 12:42:05.684+00,2026-01-24 08:00:17.675951+00,我没有喜欢的演员。经常看动画片和游戏实况，我没有习惯看戏剧和电视。然后，对我来说，记得人比较难。,"## 修正箇所

### 1. 「经常」→「我平时」
- **理由**: 「经常」は頻度が高すぎる印象。「平时」（普段）の方が「いつも」のニュアンスに近い
- **文脈**: 習慣を表現する際により自然

### 2. 「戏剧」→「电视剧」
- **理由**: 「戏剧」は舞台劇を指すことが多い。「ドラマ」は「电视剧」が適切
- **HSK4級**: 「电视剧」はHSK4級レベルの語彙

### 3. 「电视」→「电视节目」
- **理由**: 単に「电视」だと「テレビ（機器）」の意味。「テレビ番組」は「电视节目」
- **明確性**: より具体的で自然な表現

### 4. 「然后」→「而且」
- **理由**: 「然后」は時間的順序、「而且」は追加情報を表す接続詞としてより適切
- **文脈**: 理由の補強として「しかも」「それに」のニュアンス

### 5. 「记得人比较难」→「记住人对我来说比较困难」
- **理由**: 
  - 「记得」→「记住」: 継続的な記憶には「记住」が適切
  - 語順調整: 「对我来说」を前に置いてより自然な中国語に
  - 「难」→「困难」: より丁寧で自然な表現",
167,166,1,我觉得《I Am a Hero》是我看过最恐怖的电影。我不太喜欢恐怖的事情，所以当然不喜欢僵尸。这部电影我不会再看了。,"""I Am a Hero"" が一番怖かった映画です。怖いものが苦手なので、当然ゾンビも嫌いです。二度と見ないだろうな。",at://did:plc:f2ud37i6vbafoqiu56eplek7/app.bsky.feed.post/3mddbeu4wvc2f,2026-01-26 12:42:05.93+00,2026-01-25 09:52:39.171046+00,"我觉得<I Am a Hero>是我看过最恐怖的电影.我不太喜欢恐怖的事情,所以当然不喜欢僵尸.这部电影我不会再看了.","- **書名の表記**: `<I Am a Hero>` → `《I Am a Hero》`
  - 中国語では書名や映画名は書名号《》で囲むのが正式な表記法です

- **句読点の修正**: 
  - `电影.` → `电影。`
  - `事情,` → `事情，`
  - 中国語では句点は「。」、読点は「，」を使用します

その他の表現や文法構造は HSK4級レベルとして適切で、意味も日本語の原文を正確に表現できています。特に「当然」「不会再～了」などの表現が自然に使われており、よく書けています。",
168,167,1,平时我是个守时的人。不过我也是个健忘的人，所以记住安排是最重要的。最近的日历应用很优秀，如果没忘记注册安排的话，它会在安排之前提醒我，这非常有帮助。,通常は時間を守る方です。ただ同時に忘れっぽくもあるので、予定を覚えておくのが最重要です。最近のカレンダーアプリは優秀で、登録を忘れなければ、予定の前に通知をくれるのでとても助かっています。,at://did:plc:f2ud37i6vbafoqiu56eplek7/app.bsky.feed.post/3mdfrtrpx4i2o,2026-01-27 12:42:06.017+00,2026-01-25 23:12:40.150073+00,平时我是个守时的人。可是我也是健忘的人，记得预定最重要。最近的电子日历很好，如果没忘注册预定，预定之前给我通知，有很帮助。,"## 語彙・表現の修正
- **可是 → 不过**: 「ただ」という軽い転換を表現するには「不过」がより適切
- **预定 → 安排**: 「予定」は中国語では「安排」が一般的（「预定」は予約の意味が強い）
- **电子日历 → 日历应用**: 「カレンダーアプリ」は「日历应用」がより正確
- **很好 → 很优秀**: 「優秀」という意味を正確に表現するため
- **注册预定 → 注册安排**: 上記の理由と同様
- **给我通知 → 提醒我**: 「通知をくれる」は「提醒我」（私に思い出させる）が自然
- **有很帮助 → 非常有帮助**: 語順と表現の修正

## 文法の修正
- **健忘的人 → 个健忘的人**: 量詞「个」の追加
- **记得预定最重要 → 所以记住安排是最重要的**: 
  - 「记得」→「记住」（覚えておく）
  - 「所以」を追加して因果関係を明確化
  - 「是...的」構文で強調
- **它会在安排之前提醒我，这非常有帮助**: 
  - 主語「它」を追加
  - 「这」で前の内容を受けて自然な流れに",
169,168,1,我觉得去年跟妈妈和弟弟一起去的酒店是最好的。与其说房间好，不如说饭菜好。那里是自助餐的形式，有很多好吃的东西。,去年母と弟と一緒に行ったホテルが1番良かったと思います。部屋がいいというより、食事が良かったです。バイキング形式の食事で、美味しいものがたくさんありました。,at://did:plc:f2ud37i6vbafoqiu56eplek7/app.bsky.feed.post/3mdiccpapm32g,2026-01-28 12:42:06.051+00,2026-01-27 05:16:22.496134+00,我觉得去年跟妈妈和弟弟一起去的酒店是最好的。与其说房间很好，不如说饮食很好。那儿的饭是自助餐方式，有很多好吃的东西。,"## 修正箇所

1. **「房间很好」→「房间好」**
   - 理由：「与其说...不如说...」の構文では、通常「很」を使わず、形容詞を直接使います。

2. **「饮食很好」→「饭菜好」**
   - 理由：同上の理由で「很」を削除。また「饮食」より「饭菜」の方が一般的で自然な表現です。

3. **「那儿的饭是自助餐方式」→「那里是自助餐的形式」**
   - 理由：
     - 「那儿」より「那里」の方がフォーマルで適切
     - 「那里的饭是自助餐方式」より「那里是自助餐的形式」の方が自然
     - 「的」を加えることで文法的により正確になります

## 全体評価
HSK4級レベルとしては非常に良く書けています。特に「与其说...不如说...」という高度な表現を正しく使用している点は素晴らしいです。",
170,169,1,我把钱花在点心、书和文具等物品上。到现在我还是喜欢它们，特别是书，书很特别，我买了太多。今年我想花时间读还没读过的书。,お菓子、本、文具などに使っていました。今も好きで、特に本は特別で、たくさん買ってしまいます。今年は未読本を読むのに「時間」を使いたいですね。,at://did:plc:f2ud37i6vbafoqiu56eplek7/app.bsky.feed.post/3mdksrmows62o,2026-01-29 12:42:06.036+00,2026-01-28 00:14:11.822034+00,我把钱花在甜点，书和文具等物品上。到现在我还是喜欢它们，特别是书，它们很特别，我买得太多了。今年我想花时间读还没读过的书。,"- **甜点 → 点心**
  - 理由：HSK4級レベルでは「点心」の方が一般的で適切。「甜点」は主にスイーツを指すが、「点心」はお菓子類全般により適している。

- **它们很特别 → 书很特别**
  - 理由：文脈上、「本が特別」という意味なので、「它们」（それら）ではなく「书」を明示した方が自然で分かりやすい。

- **我买得太多了 → 我买了太多**
  - 理由：「买得太多」は能力や程度を表す表現だが、ここでは単純に「たくさん買った」という結果を表現する「买了太多」の方が適切。HSK4級レベルでもより理解しやすい表現。",
171,170,1,我昨晚睡得很好。最近天气很冷，所以我开始用热水袋。脚暖和了，很舒服。,昨日はよく眠れました。最近寒いので、湯たんぽを使い始めました。足先が温まり、心地よいです。,at://did:plc:f2ud37i6vbafoqiu56eplek7/app.bsky.feed.post/3mdndajzdya2k,2026-01-30 12:42:05.979+00,2026-01-29 13:51:32.214869+00,我昨晚睡得好。最近天气很冷，所以我开始用热水袋。脚尖暖和，很舒服。,"## 修正箇所

### 1. 「睡得好」→「睡得很好」
- **理由**: 程度副詞「很」を加えることで、より自然で完整な表現になります。HSK4級レベルでは「很」の使用が推奨されます。

### 2. 「脚尖」→「脚」
- **理由**: 中国語では「脚尖」は「つま先」という意味で、日本語の「足先」に対応するのは「脚」の方が適切です。「脚尖」だと範囲が狭すぎます。

### 3. 「脚暖和」→「脚暖和了」
- **理由**: 状態の変化を表すため、変化を示す「了」を加えることで「（冷たかった足が）温まった」という変化の完了を表現できます。

## 全体評価
文法的には大きな問題はなく、HSK4級レベルとして適切な表現ができています。意味も十分に伝わる良い文章です。",
172,171,1,我是在静冈出生的。那里因茶而出名。气候很好，是一个适宜居住的地方。,静岡で生まれました。お茶で有名です。気候が良くて、住みやすい場所です。,at://did:plc:f2ud37i6vbafoqiu56eplek7/app.bsky.feed.post/3mdptphdjky2g,2026-01-31 12:42:05.757+00,2026-01-31 09:28:40.694824+00,我是在静冈生的。一个地方因茶出名。天气很舒服，好住的地方。,"## 修正箇所と理由

### 1. 「我是在静冈生的」→「我是在静冈出生的」
- **理由**: 「生まれる」は中国語で「出生」と表現するのが自然。「生」だけでは不完全。

### 2. 「一个地方因茶出名」→「那里因茶而出名」
- **理由**: 
  - 前文の静岡を指すので「那里」（そこは）を使用
  - 「因...而...」の構文で「～によって～である」を表現するのがより自然

### 3. 「天气很舒服」→「气候很好」
- **理由**: 
  - 「気候」は中国語で「气候」（長期的な天候パターン）
  - 「天气」は日々の天気を指すため不適切
  - 「舒服」より「好」の方が気候を表現する際に自然

### 4. 「好住的地方」→「是一个适宜居住的地方」
- **理由**: 
  - 文法的により完整な表現にするため「是」を追加
  - 「好住」より「适宜居住」の方がフォーマルで自然
  - 「一个」を追加して名詞句を完整に",
173,172,1,我喜欢旅游。我喜欢去不知道的地方，吃不知道的好吃的东西，还有泡温泉。旅游很开心，但是很累，也需要很多钱，所以不能经常去。,旅行は好きです。知らない場所、知らない美味しいもの、それに温泉に入ることが好きです。旅は楽しいですが、疲れるしお金もかかるのであまり行けませんけどね。,at://did:plc:f2ud37i6vbafoqiu56eplek7/app.bsky.feed.post/3mdscyn4tod2h,2026-02-01 12:21:00.775+00,2026-02-01 12:21:01.788472+00,我喜欢旅游。我喜欢不知道的地方，不认识的好吃的东西，然后洗温泉。旅游很开心，可是也把我很累和需要钱，不能常常去。,"## 主な修正点

### 1. **「去」の追加**
- **修正前**: 我喜欢不知道的地方
- **修正後**: 我喜欢去不知道的地方
- **理由**: 「場所が好き」より「場所に行くことが好き」という動作を表現する方が自然

### 2. **「吃」の追加**
- **修正前**: 不认识的好吃的东西
- **修正後**: 吃不知道的好吃的东西
- **理由**: 「食べること」という動作を明確にし、「不认识」を「不知道」に統一

### 3. **接続詞の変更**
- **修正前**: 然后洗温泉
- **修正後**: 还有泡温泉
- **理由**: 「然后」は時系列を表すが、ここでは並列関係なので「还有」が適切。「洗温泉」→「泡温泉」がより自然

### 4. **文構造の改善**
- **修正前**: 也把我很累和需要钱
- **修正後**: 但是很累，也需要很多钱
- **理由**: 「把」構文の誤用を修正。「可是」→「但是」でより自然に。「需要钱」→「需要很多钱」でより具体的に

### 5. **副詞の変更**
- **修正前**: 不能常常去
- **修正後**: 所以不能经常去
- **理由**: 「所以」で因果関係を明確化。「经常」の方が「常常」より一般的",
174,173,1,我不太经常散步。为了健康想去外面的时候，我跑步。现在这个季节有花粉，所以不太想去外面。,あまり散歩はしません。健康のために外に行くときはランニングをします。今の季節は花粉が飛んでいるので、外にはあまり出たくありません。,at://did:plc:f2ud37i6vbafoqiu56eplek7/app.bsky.feed.post/3mdv2ztejrk2x,2026-02-02 14:36:28.791+00,2026-02-01 22:08:46.301949+00,我不太经常散步。想去外面为了健康的时候，我跑步。这季节有花粉，所以不太想去外面。,"## 修正箇所1
- **修正前**: 想去外面为了健康的时候
- **修正後**: 为了健康想去外面的时候
- **理由**: 「為了〜」（目的）は動詞の前に置くのが自然。語順を調整しました。

## 修正箇所2
- **修正前**: 这季节
- **修正後**: 现在这个季节
- **理由**: 「今の季節」を表現するため「现在这个季节」がより適切。また「这」の後に量詞「个」を加える必要があります。

## その他の評価
- 基本的な文法構造は正しく、HSK4級レベルとして適切な表現ができています
- 「不太经常」「花粉」「所以」などの語彙使用も適切です
- 全体的な意味は元の日本語をよく表現できています",
175,174,1,我玩游戏。玩游戏是我的爱好。每次Steam打折的时候，我总是忍不住买新游戏……。,ゲームはします。趣味です。Steamセールのたびに、つい新しいゲームを買ってしまいます……。,at://did:plc:f2ud37i6vbafoqiu56eplek7/app.bsky.feed.post/3mdxcvmq4c52t,2026-02-03 12:02:37.027+00,2026-02-01 22:12:39.375252+00,我玩儿游戏。玩游戏是我的爱好。每个Steam大减价的时候，我容易得买新游戏……。,"1. **「我玩儿游戏」→「我玩游戏」**
   - HSK4級レベルでは「玩儿」の軽声「儿」は一般的に省略して表記されることが多い

2. **「每个Steam大减价的时候」→「每次Steam打折的时候」**
   - 「每个」は名詞を修飾する際に使用し、「～の時」という表現には「每次」（毎回）の方が自然
   - 「大减价」より「打折」（割引）の方が一般的で、HSK4級レベルに適している

3. **「我容易得买新游戏」→「我总是忍不住买新游戏」**
   - 「容易得」という表現は不自然。「つい～してしまう」という意味には「总是忍不住～」（いつも我慢できずに～してしまう）が適切
   - この表現の方が「ついつい買ってしまう」という日本語のニュアンスをより正確に表現している",
181,175,1,"我喜欢中文词汇""热狗""。意思是hot dog，汉字表达很直接，很有趣。发音有点儿难，可是容易记住。",「热狗」が好きです。「ホットドッグ」の意味ですが、そのまますぎて面白いです。発音は少し難しいですが、覚えやすいです。,at://did:plc:f2ud37i6vbafoqiu56eplek7/app.bsky.feed.post/3mdztejzpzl2f,2026-02-04 12:02:36.847+00,2026-02-02 14:39:21.17606+00,"我喜欢的中文是<热狗>. 意思是 hot dog, 汉字表达据实, 很有趣.发音有点儿难,可是容易记住.","## 主要修正箇所

1. **""我喜欢的中文是<热狗>""** → **""我喜欢中文词汇'热狗'""**
   - 「热狗が好き」という意味を正確に表現するため、「词汇（単語・語彙）」を追加
   - 引用符を < > から "" "" に変更（中国語の標準的な引用符）

2. **""汉字表达据实""** → **""汉字表达很直接""**
   - 「据实」は不適切。「そのまますぎて」は「很直接（とても直接的）」が適切

3. **句読点の修正**
   - ""意思是 hot dog**,**"" - カンマを追加
   - ""很有趣**。**发音"" - 句点を追加して文を区切る
   - ""有点儿难**，**可是"" - カンマを追加

## HSK4級レベルでの評価
- 全体的な文法構造は良好
- 語彙選択もレベルに適している
- 主に語彙の微調整と句読点の問題のみ",
182,176,1,我有自由时间，可是不太够。我有很多想做的事情，所以时间总是不够。我只能一点一点地做。,自由な時間はありますが、十分ではありません。やりたいことがたくさんあるので、時間はいつも不足しています。一つずつ進めていくしかありません。,at://did:plc:f2ud37i6vbafoqiu56eplek7/app.bsky.feed.post/3me4dthkb5l2o,2026-02-05 12:02:36.908+00,2026-02-04 05:38:59.038897+00,我有自由时间，可是不走够。我有很多想做的事情，所以时间总是不够。我是要一点一点地做的。,"| 修正箇所 | 元の文 | 修正後 | 理由 |
|---------|--------|--------|------|
| 1箇所目 | 不走够 | 不太够 | 「走」は「足りる」という意味ではない。「不太够」（あまり十分でない）が正しい表現 |
| 2箇所目 | 我是要一点一点地做的 | 我只能一点一点地做 | 「〜するしかない」は「只能〜」で表現する。「是要〜的」は強調構文だが、ここでは「仕方なく」というニュアンスを表現するため「只能」が適切 |

**その他のコメント：**
- 全体的な文章構成は良好です
- 「自由时间」「想做的事情」「总是不够」「一点一点地」などの表現は適切に使えています
- HSK4級レベルとしては、基本的な文法構造は理解できていると思います",
183,177,1,我两个都喜欢，可是我不擅长早起，所以平时只能看日落。能看到日出的时候，我觉得很幸运，因为好像有更多时间。两种天空都很漂亮，我喜欢看白天和夜晚交界的天空。,どちらも好きですが、早起きが苦手なので普段は日没しか見られません。日の出が見られた時は、たくさん時間がある気がして得したように思います。どちらでも空は綺麗で、昼と夜の境目の空を見るのが好きです。,at://did:plc:f2ud37i6vbafoqiu56eplek7/app.bsky.feed.post/3me6ucewch52t,2026-02-06 12:02:36.813+00,2026-02-04 22:26:57.635797+00,我两个都喜欢，可是我不擅长起床早，所以平时只看日落。可以看日出的时候，我觉得占优势，因为好像有更多时间。两个空天都很漂亮，我喜欢看白天和夜的交界的空天。,"## 主要修正点

1. **起床早** → **早起**
   - 「早起き」は中国語で「早起」が自然
   - 「起床早」は語順が不自然

2. **只看日落** → **只能看日落**  
   - 「苦手なので〜しか見られない」という制限のニュアンスを表現するため「只能」を使用

3. **可以看日出的时候** → **能看到日出的时候**
   - 「見られた時」という実際に見えた経験を表すため「能看到」がより適切
   - 「可以」は許可や可能性を表し、ここでは不自然

4. **觉得占优势** → **觉得很幸运**
   - 「得したように思う」は「觉得很幸运」（ラッキーだと思う）で表現する方が自然
   - 「占优势」は「優位に立つ」という意味で文脈に合わない

5. **两个空天** → **两种天空**
   - 「空天」は「航空宇宙」という専門用語
   - 「どちらも」は「两种」（2種類）で表現
   - 空は「天空」

6. **夜** → **夜晚**
   - 「白天」と対比する場合は「夜晚」を使う方が自然

7. **交界的空天** → **交界的天空**
   - 同様に「天空」を使用

## 文法・表現の改善点
- より自然な中国語表現に調整
- HSK4級レベルに適した語彙を使用
- 日本語の原文のニュアンスをより正確に表現",
184,178,1,现在的柔软性不如小时候好。我觉得每年我的身体越来越僵硬。每晚需要做伸展运动。,柔軟性が子供の頃より低くなりました。毎年身体がだんだん硬くなっている気がします。毎晩ストレッチが必要です。,at://did:plc:f2ud37i6vbafoqiu56eplek7/app.bsky.feed.post/3mebercdf6r2x,2026-02-07 12:02:36.768+00,2026-02-06 06:50:04.439296+00,现在的柔软性不如小时候的好。我觉得每年我的身体越来越成硬。每晚需要作伸展运动。,"1. **""不如小时候的好""** → **""不如小时候好""**
   - 理由：比較構文「A不如B」では、Bの後に不要な「的」は付けません。「不如小时候好」が正しい表現です。

2. **""越来越成硬""** → **""越来越僵硬""**
   - 理由：「成硬」という表現は不自然です。体が硬くなることを表現するには「僵硬」を使います。また、「越来越」の後には直接形容詞が来るので「越来越僵硬」が正しい形です。

3. **""作伸展运动""** → **""做伸展运动""**
   - 理由：運動や活動を行う場合は動詞「做」を使います。「作」ではなく「做」が正しい字です。",
185,179,1,回答这个问题，什么样的变化是重要的。如果变化后有好的影响，我会很高兴。但是，如果变化后有不好的影响，我就不高兴了。,この問いに回答するには、どんな変化かが重要です。変化のあといい影響があるなら嬉しいです。変化の後良くない影響があるなら、嬉しくないです。,at://did:plc:f2ud37i6vbafoqiu56eplek7/app.bsky.feed.post/3medva7sbhu2g,2026-02-08 12:02:36.758+00,2026-02-06 15:14:50.868207+00,回答这个问题，什么变化是重要的事情。如果变化后有好影响，我很高兴。可是，如果变化后有不好影响，我不高兴。,"1. **「什么变化是重要的事情」→「什么样的变化是重要的」**
   - 「什么样的」（どのような）の方が自然
   - 「事情」は不要（冗長）

2. **「如果变化后有好影响」→「如果变化后有好的影响」**
   - 「好影响」より「好的影响」の方が自然な表現

3. **「我很高兴」→「我会很高兴」**
   - 仮定の状況なので「会」を加えた方が適切

4. **「可是」→「但是」**
   - 書面語では「但是」の方が適切

5. **「如果变化后有不好影响」→「如果变化后有不好的影响」**
   - 「不好影响」より「不好的影响」の方が自然

6. **「我不高兴」→「我就不高兴了」**
   - 「就」で対比を強調し、「了」で語気を和らげる",
186,180,1,大家都很热情。但是平常都懒得联系。我平时通过社交软件了解大家的近况。,みんな親切です。あと連絡無精です。普段はSNSで近況を知っています。,at://did:plc:f2ud37i6vbafoqiu56eplek7/app.bsky.feed.post/3megfp52hge2g,2026-02-09 12:02:36.543+00,2026-02-08 22:41:04.135438+00,大家都很热情。然后一般懒得取得联系。我平时在SNS认识大家的近况。,"## 1. 接続詞の修正
- **修正前**: 然后一般懒得取得联系
- **修正後**: 但是平常都懒得联系
- **理由**: 
  - 「然后（それから）」→「但是（でも・しかし）」：日本語の「あと」は逆接の意味なので「但是」が適切
  - 「一般」→「平常都」：「普段は」という意味をより自然に表現

## 2. 動詞の修正
- **修正前**: 懒得取得联系
- **修正後**: 懒得联系
- **理由**: 「取得联系」は不自然。「联系」だけで「連絡を取る」という意味になる

## 3. 語彙の修正
- **修正前**: 在SNS
- **修正後**: 通过社交软件
- **理由**: 中国語では「SNS」より「社交软件」「社交媒体」が一般的

## 4. 動詞の修正
- **修正前**: 认识大家的近况
- **修正後**: 了解大家的近况
- **理由**: 「认识」は人を知るときに使う。状況を知る場合は「了解」が適切",
187,181,1,我不喜欢自己的声音。我的声音比我想象的高。但是我学习外语的时候，为了确认自己的发音，会听录音。,自分の声は好きではないです。自分で思っているより高い。でも外国語を勉強するときは、自分の発音を確認するために、録音を聞きます。,at://did:plc:f2ud37i6vbafoqiu56eplek7/app.bsky.feed.post/3meiw62pu6g2g,2026-02-10 12:02:36.762+00,2026-02-08 22:46:50.566689+00,我不喜欢自己的声音。我真的声音比我觉得高。可是我练习外语的时候，要了解自己的发音，听录音。,"## 1. 「我真的声音」→「我的声音」
- **理由**: 「真的」（本当に）は形容詞を修飾する副詞として使うべきで、ここでは不適切。所有の関係を表すには「我的声音」が正しい。

## 2. 「我觉得」→「我想象的」
- **理由**: 「自分で思っているより」という意味を正確に表現するには「我想象的」（私が想像している）がより適切。「我觉得」だけでは比較の基準が不明確。

## 3. 「可是」→「但是」
- **理由**: 両方とも「でも」の意味だが、「但是」の方がより書き言葉的で自然。「可是」は話し言葉でよく使われる。

## 4. 「练习外语」→「学习外语」
- **理由**: 日本語の「外国語を勉強する」は「学习外语」が適切。「练习」は既に習得したスキルを練習する時に使う。

## 5. 「要了解自己的发音，听录音」→「为了确认自己的发音，会听录音」
- **理由**: 
  - 「要了解」より「为了确认」の方が「確認するために」という目的をより明確に表現
  - 「了解」より「确认」が「確認する」により近い意味
  - 文末に「会」を加えることで「〜します」という習慣的行動を表現",
188,182,1,我想去西安看兵马俑。我在课本上看过兵马俑的照片，很壮观。既然在学习汉语，想看一次真的。,西安に行って兵馬俑を見たいです。教科書で写真を見たことがあり、圧巻でした。せっかく中国語を学んでいますし、一度本物を見てみたいです。,at://did:plc:f2ud37i6vbafoqiu56eplek7/app.bsky.feed.post/3melgmy7rga2x,2026-02-11 12:02:36.815+00,2026-02-09 05:04:05.296933+00,我想去西安看兵马俑。我在课本上看过兵马俑的照片，很精彩。特意学习汉语，想看真东西一次。,"## 修正箇所

1. **很精彩 → 很壮观**
   - 「圧巻でした」という意味には「壮观」が適切
   - 「精彩」は主にパフォーマンスや内容の素晴らしさを表す

2. **特意学习汉语 → 既然在学习汉语**
   - 「せっかく〜ですし」という理由を表すには「既然」が自然
   - 「特意」は「わざわざ」という意味で文脈に合わない
   - 現在進行の「在学习」に修正

3. **想看真东西一次 → 想看一次真的**
   - 語順を修正：「看一次」（一度見る）
   - 「真东西」→「真的」：「本物」は「真的」で表現する方が自然

## 全体評価
基本的な文構造は正しく、HSK4級レベルとして適切な表現が使われています。語彙選択と語順に軽微な修正が必要でしたが、意図は十分に伝わる内容でした。",
189,183,1,"对于这个问题，我决定总是回答""八""。八是一个容易说明的数字。因为这个数字的形状像末广（越来越宽），很吉利。",この質問には「八」と答えると決めています。説明しやすい数字です。末広がりで、縁起のいい形をしていますから。,at://did:plc:f2ud37i6vbafoqiu56eplek7/app.bsky.feed.post/3menx3vpksm2w,2026-02-12 12:02:36.84+00,2026-02-11 08:42:09.8164+00,对这个问题我决定总是回答“八”。八是一个容易地说明数字。因为这个数字是逐渐开展的样子，很吉祥。,"## 修正箇所

1. **对这个问题 → 对于这个问题**
   - 理由：「～について」という意味では「对于」の方が自然で適切

2. **容易地说明数字 → 容易说明的数字**
   - 理由：語順の修正。「容易说明的数字」（説明しやすい数字）が正しい構造
   - 「地」は不要（副詞として使う場合とは異なる）

3. **逐渐开展的样子 → 形状像末广（越来越宽）**
   - 理由：「末広がり」の概念をより明確に表現。「逐渐开展」では意味が不明確
   - 「末广」は末広がりの直訳、括弧内で補足説明

4. **很吉祥 → 很吉利**
   - 理由：HSK4級レベルでは「吉利」の方が一般的で適切
   - 「吉祥」も正しいが、「吉利」の方が日常的

## その他の改善点
- 全体的に文章の流れをより自然にしました
- HSK4級の語彙レベルに合わせて調整しました",
190,184,1,我觉得我能保守秘密。说出秘密让人感觉很不好。说实话，我不想处理秘密，因为很害怕。,秘密は守れると思います。秘密を話すのって気分良くありません。正直にいうと、怖いから秘密は扱いたくないですが。,at://did:plc:f2ud37i6vbafoqiu56eplek7/app.bsky.feed.post/3meqhkt4tdv2g,2026-02-13 12:02:36.783+00,2026-02-11 22:16:32.254793+00,我觉得我能保守秘密。说秘密很不舒服。其实我不想处理秘密，因为很害怕。,"1. **""说秘密"" → ""说出秘密""**
   - 「秘密を話す」は""说出秘密""がより自然な表現です。""说秘密""だと「秘密を語る」という意味で少し不自然になります。

2. **""很不舒服"" → ""让人感觉很不好""**
   - ""不舒服""は主に体調不良を表す際に使います。「気分が良くない」という心理的な状態を表現するには""让人感觉很不好""や""感觉不好""がより適切です。

3. **""其实"" → ""说实话""**
   - 「正直にいうと」は""说实话""がより直接的で適切な訳語です。""其实""は「実は」という意味で、ニュアンスが少し異なります。

全体的に、HSK4級レベルとしては文法構造や語順は適切で、意味も十分に伝わる文章です。細かい語彙選択の改善により、より自然な中国語表現になりました。",
191,185,1,我没有上过电视。我不喜欢被相机拍照，所以不想上电视。我在路上看到摄影师的时候，会绕远路走。,テレビに出たことはありません。カメラで撮影されるのが嫌いなので、テレビには出たくありません。道端でカメラマンを見かけたときは、遠回りします。,at://did:plc:f2ud37i6vbafoqiu56eplek7/app.bsky.feed.post/3mesxzqkuxv2k,2026-02-14 12:02:36.83+00,2026-02-13 09:10:31.612731+00,"我不上过电视.我不喜欢被照相机拍摄影,所以不想上电视.我在路上看摄影记者,我躲开他们","## 文法・語法の修正

- **我不上过电视** → **我没有上过电视**
  - 経験を表す「～したことがない」は「没有～过」を使用する
  - 「不～过」は文法的に不正確

- **被照相机拍摄影** → **被相机拍照**  
  - 「照相机」→「相机」（HSK4級レベルでは「相机」が適切）
  - 「拍摄影」→「拍照」（撮影は「拍照」が自然、「拍摄影」は冗長）

- **我在路上看摄影记者** → **我在路上看到摄影师的时候**
  - 「看」→「看到」（「見かける」は「看到」）
  - 「摄影记者」→「摄影师」（カメラマンは「摄影师」、「摄影记者」は報道カメラマン特定）
  - 「～の時は」の表現として「的时候」を追加

- **我躲开他们** → **会绕远路走**
  - 「遠回りする」は「绕远路走」が適切
  - 「会」を追加して習慣的行為を表現
  - 文末に句点「。」を追加

## 句読点の修正
- 各文の終わりに句点「。」を統一して追加",
192,186,1,"我平时不相信迷信。可是我觉得有时迷信很有趣。""为什么会产生这个迷信""是一个很有趣的问题。",普段迷信は信じません。でもときには面白いと思います。「なぜこの迷信ができたのか」は興味深いです。,at://did:plc:f2ud37i6vbafoqiu56eplek7/app.bsky.feed.post/3meviinu35x2w,2026-02-15 12:02:36.579+00,2026-02-15 07:38:01.028584+00,"我平时不相信迷信.可是我觉得有时迷信很有趣.""为什么这个迷信发现""是一个很有趣的事情.","1. **句号の使用**: `我平时不相信迷信.` → `我平时不相信迷信。`
   - 中国語では句号（。）を使用します。

2. **動詞の修正**: `为什么这个迷信发现` → `为什么会产生这个迷信`
   - 「迷信ができた」は「迷信が発見された」ではなく「迷信が生まれた・産生した」という意味なので、「发现」ではなく「产生」を使用します。
   - また、「会产生」とすることで「なぜ生まれることになったのか」という意味がより明確になります。

3. **語順の調整**: `为什么这个迷信发现` → `为什么会产生这个迷信`
   - より自然な中国語の語順に調整しました。

4. **名詞の修正**: `事情` → `问题`
   - 「なぜ〜なのか」という疑問は「问题（問題・疑問）」の方が適切です。",
193,187,1,我对食物没有过敏。至少到现在为止没有过过敏反应。但是我想检查一次。,食べ物のアレルギーはありません。少なくともこれまではアレルギー反応を起こしたことがありません。でも一度検査したいです。,at://did:plc:f2ud37i6vbafoqiu56eplek7/app.bsky.feed.post/3mexyxljtsx2t,2026-02-16 12:02:36.805+00,2026-02-15 07:47:52.477748+00,对食物我没有过敏.至少到现在没过过敏.可是我想检查一次.,"1. **語順の修正**
   - `对食物我没有过敏` → `我对食物没有过敏`
   - 理由：中国語では主語「我」を文頭に置くのが自然

2. **文末の補完**
   - `至少到现在没过过敏` → `至少到现在为止没有过过敏反应`
   - 理由：「为止」を加えてより自然な表現に、「反应」を補って「アレルギー反応」を明確に表現

3. **接続詞の変更**
   - `可是` → `但是`
   - 理由：書面語では「但是」の方が適切（どちらも正しいですが、「但是」がより標準的）

4. **句読点の統一**
   - 中国語では句点（。）を統一して使用",
194,188,1,我觉得上班是最无聊的。虽然我可以在家工作，但是每个星期要去公司好几次。每次坐电车去公司，单程大概要一个半小时，我觉得这段时间很无聊。,出勤が1番つまらないと思います。在宅で働けるのですが。毎週数回会社に行く必要があります。電車で片道約1時間半かけて向かう時は毎回、この時間はつまらないと思います。,at://did:plc:f2ud37i6vbafoqiu56eplek7/app.bsky.feed.post/3mf2jgj5crd2w,2026-02-17 12:02:36.984+00,2026-02-15 22:02:15.836915+00,我记得上班最无聊。我可以在家工作，但是每个星期数次要去公司工作。每次我坐电车上班花单程大概一个半小时，我觉得这时间很无聊。,"## 主要修正点

1. **我记得** → **我觉得**
   - 「記得」は記憶・思い出すの意味で、「思います」の意味には適さない
   - 「觉得」が「～だと思う」という意見を表すのに適切

2. **上班最无聊** → **上班是最无聊的**
   - 中国語では形容詞述語に「是～的」構造を使うとより自然
   - 強調の意味も含まれる

3. **我可以在家工作，但是** → **虽然我可以在家工作，但是**
   - 日本語の「～のですが」のニュアンスを表現するには「虽然～但是」構造が適切
   - より自然な逆接の表現

4. **每个星期数次** → **每个星期要去公司好几次**
   - 「数次」は書面語的で硬い表現
   - 「好几次」の方がHSK4級レベルに適している

5. **去公司工作** → **去公司**
   - 「去公司」だけで十分意味が通じる
   - 重複を避けてより簡潔な表現

6. **坐电车上班花单程** → **坐电车去公司，单程**
   - 文の構造を整理してより読みやすく
   - 「花」を「要」に変更してより自然な表現

7. **这时间** → **这段时间**
   - 時間の長さを指す場合は「这段时间」がより適切",
195,189,1,"我喜欢看月亮！满月也好，月牙也好，月亮总是很漂亮。
还有，我也喜欢吃月亮形状的点心，哈哈哈😂","月を見るのは好きです！満月でも三日月でも、月はいつも綺麗です。
それと、月っぽいお菓子も好きです😂",at://did:plc:f2ud37i6vbafoqiu56eplek7/app.bsky.feed.post/3mf4zvgblkz2u,2026-02-18 12:02:36.64+00,2026-02-17 12:09:30.306906+00,"我喜欢看月亮！满月和新月都总是很漂亮。
还有我也喜欢吃月亮样子的甜点，哈哈哈😂","## 修正箇所

### 1. 「新月」→「月牙」
- **修正理由**: 「三日月」は中国語で「月牙」が一般的。「新月」は天文学用語で「朔月」（見えない月）を指す

### 2. 「满月和新月都」→「满月也好，月牙也好」
- **修正理由**: 日本語の「〜でも〜でも」のニュアンスは「也好...也好...」で表現する方が自然

### 3. 「都总是很漂亮」→「总是很漂亮」
- **修正理由**: 既に「也好...也好...」で「どちらも」の意味を表現しているため、「都」は不要

### 4. 「还有我也喜欢」→「还有，我也喜欢」
- **修正理由**: 「还有」の後にコンマを入れると文章がより自然になる

### 5. 「月亮样子的甜点」→「月亮形状的点心」
- **修正理由**: 
  - 「样子」より「形状」の方が形を表現する際に適切
  - 「甜点」も正しいが、「点心」の方がHSK4級レベルに適している",
196,190,1,这要看跟谁聊天以及在哪里聊天。愉快的聊天需要安心感。因为我一定需要自己的时间，所以有时候我不太喜欢聊天。,相手と場所によります。楽しい会話には安心が必要です。自分の時間が絶対必要だから、おしゃべりが好きではない時もあります。,at://did:plc:f2ud37i6vbafoqiu56eplek7/app.bsky.feed.post/3mf7kee7ncj25,2026-02-19 12:02:37.144+00,2026-02-18 11:08:13.272851+00,要跟谁和要在哪里聊天。开心地聊天要放心。我一定要我自己的时间，有不喜欢聊天的时间。,"- **要跟谁和要在哪里聊天** → **这要看跟谁聊天以及在哪里聊天**
  - 「相手と場所によります」という意味を正確に表現するため、「这要看～」（～によります）の構文を使用
  - 「和」を「以及」に変更してより自然な表現に

- **开心地聊天** → **愉快的聊天**
  - 「楽しい会話」は名詞句なので、副詞「开心地」ではなく形容詞「愉快的」を使用

- **要放心** → **需要安心感**
  - 「安心が必要です」という意味により適切な「需要安心感」に修正
  - 「放心」は「心配しない」という意味で、ここでの「安心」とは異なる

- **我一定要我自己的时间，有不喜欢聊天的时间** → **因为我一定需要自己的时间，所以有时候我不太喜欢聊天**
  - 因果関係を明確にするため「因为～所以～」構文を使用
  - 「有不喜欢聊天的时间」を「有时候我不太喜欢聊天」（時々おしゃべりがあまり好きではない）に修正し、より自然な中国語表現に
  - 「要」を「需要」に変更してより適切な表現に",
197,191,1,小时候我对它不感兴趣，可是现在有一点儿感兴趣。但是几乎什么都不知道。对初学者来说什么书比较好呢？,子どもの頃は興味がありませんでしたが、今は少し興味があります。でもほとんど知りません。初心者向けにはどんな本がいいんでしょうね？,at://did:plc:f2ud37i6vbafoqiu56eplek7/app.bsky.feed.post/3mfc2tbkioo2i,2026-02-20 12:02:37.038+00,2026-02-19 05:34:03.722406+00,小时候我对恐龙不感过兴趣，可是现在有一些感兴趣。但是几乎不知道。对初学者什么书很好？,"## 修正箇所

1. **""恐龙""を削除し""它""に変更**
   - 日本語の原文には「恐竜」という具体的な対象が明記されていないため、一般的な「それ」を表す""它""に修正

2. **""不感过兴趣"" → ""不感兴趣""**
   - ""感兴趣""は動詞句なので、""过""は不要
   - 正しくは""不感兴趣""

3. **""有一些感兴趣"" → ""有一点儿感兴趣""**
   - 抽象的な概念（興味）には""一点儿""を使う方が自然
   - ""一些""は具体的な物や明確に数えられるものに使用

4. **""几乎不知道"" → ""几乎什么都不知道""**
   - 「ほとんど知らない」という意味を明確にするため""什么都""を追加
   - より自然な中国語表現になる

5. **""对初学者什么书很好？"" → ""对初学者来说什么书比较好呢？""**
   - ""对...来说""で「〜にとって」という意味を明確に表現
   - ""比较好""で「より良い」という比較の意味を表現
   - ""呢""を追加して疑問文をより自然に",
198,192,1,我可能没有自主地参加过慈善活动。我每个月只是捐一点钱。我没有充分的信息，如果要参加的话，首先需要了解志愿者活动。,自主的に参加したことはないかも。毎月少し募金するくらいです。十分な情報を持っていないし、もし参加するならまずボランティアについて知る必要があります。,at://did:plc:f2ud37i6vbafoqiu56eplek7/app.bsky.feed.post/3mfelc76skl2l,2026-02-21 12:02:37.203+00,2026-02-20 11:20:59.356199+00,我没自主地参加过慈善活动。我只每个月一些募捐。没有十分的情报，如果我会参加，第一次要知道慈善活动。,"1. **我没自主地参加过** → **我可能没有自主地参加过**
   - 「かも」という推測を表すため「可能」を追加
   - 「没有」で完全な否定表現にする

2. **我只每个月一些募捐** → **我每个月只是捐一点钱**
   - 語順の修正：「只」の位置を調整
   - 「募捐」（募金活動）→「捐钱」（お金を寄付する）に変更
   - 「一些」→「一点」（少し）により自然な表現に
   - 「只是」で「〜するくらい」のニュアンスを表現

3. **没有十分的情报** → **我没有充分的信息**
   - 主語「我」を追加して文構造を明確に
   - 「情报」→「信息」に変更（「情报」は機密情報の意味が強い）
   - 「十分」→「充分」により適切な表現に

4. **如果我会参加** → **如果要参加的话**
   - 「我会」は不自然。仮定の表現として「要〜的话」を使用

5. **第一次要知道慈善活动** → **首先需要了解志愿者活动**
   - 「第一次」→「首先」（まず）により適切な表現に
   - 「知道」→「了解」でより深い理解を表現
   - 「慈善活动」→「志愿者活动」（ボランティア活動）により原文に忠実に",
199,193,1,我喜欢拍风景的照片。不太喜欢拍人的照片，不喜欢被人拍照。我手机里的照片大部分是游戏的截图。,景色の写真を撮るのは好きです。人の写真はそんなに好きではなくて、撮られるのは嫌いです。スマホの中の写真は大部分がゲームのスクショです。,at://did:plc:f2ud37i6vbafoqiu56eplek7/app.bsky.feed.post/3mfh7sdqafa2m,2026-02-22 13:14:54.271+00,2026-02-22 13:14:55.130605+00,我喜欢拍风景的照片。不太喜欢拍人，不喜欢被拍照片。我的手机里的照片大部分是游戏的截图。,"## 修正箇所

1. **「不太喜欢拍人」→「不太喜欢拍人的照片」**
   - 理由：前文で「拍风景的照片」と言っているので、並列の関係を明確にするため「拍人的照片」とした方が自然です。

2. **「不喜欢被拍照片」→「不喜欢被人拍照」**
   - 理由：「被拍照片」は不自然な表現です。「被人拍照」または「被别人拍照」が正しい表現です。

3. **「我的手机里的照片」→「我手机里的照片」**
   - 理由：「我的手机里的照片」でも文法的には正しいですが、「我手机里的照片」の方がより自然で簡潔です。HSK4級レベルではこちらの表現が適切です。

## 評価
全体的によく書けており、HSK4級レベルとしては十分な内容です。基本的な文法構造は正しく、語彙選択も適切でした。",
200,194,1,两个星期前我给朋友写了信。那时候快到情人节了，所以我也送了巧克力。她看起来有点儿累，我希望她能精神一点儿。,二週間くらい前に友達に手紙を書きました。バレンタインデーの近くだったので、一緒にチョコレートも送りました。ちょっと疲れているように見えたから、元気になって欲しくて。,at://did:plc:f2ud37i6vbafoqiu56eplek7/app.bsky.feed.post/3mfjm7zypcb2u,2026-02-23 12:02:37.077+00,2026-02-23 06:00:42.64474+00,"两个星期前我向朋友写了信.那号是情人节临近的,所以我也送巧克力.她看到有点儿累,我希望她很好.","## 修正箇所

1. **我向朋友写了信** → **我给朋友写了信**
   - 「手紙を書く」は「给～写信」が正しい表現です
   - 「向」は方向を表すが、この文脈では「给」が適切

2. **那号是情人节临近的** → **那时候快到情人节了**
   - 「那号」は不自然。時期を表す場合は「那时候」
   - 「是～临近的」より「快到～了」の方が自然な表現

3. **我也送巧克力** → **我也送了巧克力**
   - 過去の動作なので「了」を付けて完了を表す必要があります

4. **她看到有点儿累** → **她看起来有点儿累**
   - 「～に見える」は「看起来」が正しい表現
   - 「看到」は「見える、見つける」という意味で文脈に合わない

5. **我希望她很好** → **我希望她能精神一点儿**
   - 「元気になって欲しい」という願望をより適切に表現
   - 「很好」だけでは「元気になる」というニュアンスが弱い
   - 「精神一点儿」で「もっと元気に」という意味になります",
201,195,1,我不擅长画画儿。我喜欢画画儿，但是很难。我有绘图工具，所以需要多多练习。,得意ではありません。描くのは好きですが、難しいです。絵を描く道具は持っているので、たくさん練習する必要があります。,at://did:plc:f2ud37i6vbafoqiu56eplek7/app.bsky.feed.post/3mfm4oxgjo42u,2026-02-24 12:02:37.043+00,2026-02-23 06:04:57.216969+00,"我不擅长画画儿.我喜欢画画儿,但是很难.我有绘图工具,需要练习很多.","## 修正箇所

1. **「需要练习很多」→「需要多多练习」**
   - 理由：「练习很多」は語順が不自然。「多多练习」または「多练习」がより自然な表現
   - HSK4級範囲内の適切な表現

2. **「我有绘图工具，需要练习很多」→「我有绘图工具，所以需要多多练习」**
   - 理由：日本語の「〜ので」という因果関係を表すために「所以」を追加
   - 文の論理的なつながりがより明確になる

## その他の評価

- 「擅长」「绘图工具」などHSK4級レベルの語彙を適切に使用
- 基本的な文法構造は正しく使えている
- 全体的に自然な中国語として通じる内容",
202,196,1,没有。我没有去游乐园的习惯。但是我想去PokéPark KANTO。,ありません。遊園地に行く習慣がなく。でもポケパークカントーは行きたい。,at://did:plc:f2ud37i6vbafoqiu56eplek7/app.bsky.feed.post/3mfon5uyqsh2i,2026-02-25 12:02:37.162+00,2026-02-25 01:03:11.57561+00,没有。我没有习惯去游乐园。但是想去PokéPark KANTO。,"1. **「我没有习惯去游乐园」→「我没有去游乐园的习惯」**
   - 理由：中国語では「～する習慣がない」は「没有做～的习惯」という語順が自然です。「习惯去游乐园」だと「遊園地に行くことに慣れる」という意味になってしまいます。

2. **「想去」→「我想去」**
   - 理由：二番目の文でも主語「我」を明示した方が自然で、HSK4級レベルとしてより適切な表現になります。文章全体のバランスも良くなります。",
203,197,1,我觉得交通卡可能是最常用的支付方式。充值很方便，使用也很方便。咦？这个要用信用卡吗？,たぶん交通系電子マネーを1番使っていると思います。チャージが簡単で、使うのも簡単です。あれ？これクレカになる？,at://did:plc:f2ud37i6vbafoqiu56eplek7/app.bsky.feed.post/3mfr5msjyeo2m,2026-02-26 12:02:37.236+00,2026-02-25 01:12:38.521964+00,恐怕我觉得交通卡是最常用的支付方式。充值很容易，使用也很容易。啊？这方式用信用卡？,"## 文法・表現の修正

1. **「恐怕我觉得」→「我觉得...可能是」**
   - 理由：「恐怕」と「我觉得」は重複表現。「たぶん」の意味は「可能」で表現する方が自然

2. **「很容易」→「很方便」**
   - 理由：電子マネーの操作について言う場合、「方便（便利）」の方が「容易（簡単）」より適切

3. **「啊？这方式用信用卡？」→「咦？这个要用信用卡吗？」**
   - 理由：
     - 「啊」より「咦」の方が驚きの感情をより適切に表現
     - 「这方式」→「这个」：より自然な表現
     - 「用信用卡」→「要用信用卡吗」：疑問文として完整な形にし、「要」を加えて「〜する必要がある」のニュアンスを表現

## HSK4級レベルとしての評価
全体的に語彙選択と基本文法は適切で、HSK4級レベルに相応しい内容です。",
204,198,1,我没减过肥。到现在还不需要减肥。但是最近体重有点重了，将来可能需要减肥。,ダイエットしたことはありません。今までは必要ありませんでした。ただ最近少し重くなっているので、将来的にはダイエットする必要があるかもしれません。,at://did:plc:f2ud37i6vbafoqiu56eplek7/app.bsky.feed.post/3mfto3pbnwp2w,2026-02-27 12:02:36.491+00,2026-02-25 22:48:47.151982+00,我没减过肥。到现在，不要减肥了。但是最近体重比较重，将来可能需要减肥呢。,"1. **「不要减肥了」→「还不需要减肥」**
   - 「不要」は「してはいけない」という禁止の意味
   - 「不需要」が「必要ない」という正しい表現
   - 「还」を加えることで「まだ」のニュアンスを表現

2. **「体重比较重」→「体重有点重了」**
   - 「比较」は比較する対象が必要だが、ここでは単純に「少し重い」という意味
   - 「有点」が「少し」という意味により適切
   - 「了」を加えて変化を表現（重くなった状態）

3. **文末の「呢」を削除**
   - この文脈では「呢」は不自然
   - 推測を表す「可能」があるため、文末詞は不要",
205,199,1,现在不太喜欢。我的家很小，也不太整齐。需要整理一下啊。,今はあまり好きではありません。家は狭いし、整頓もあまりされていません。片付けないとですね。,at://did:plc:f2ud37i6vbafoqiu56eplek7/app.bsky.feed.post/3mfwawajyze23,2026-02-28 12:44:56.579+00,2026-02-28 12:44:57.724589+00,现在不太喜欢。我的家很狭小，不太整齐。需要整顿啊。,"- **狭小 → 小**
  - 理由：「狭小」は書面語で硬い表現。HSK4級レベルでは「小」を使う方が自然で適切。

- **整顿 → 整理一下**  
  - 理由：「整顿」は組織や制度の改革・整備に使われることが多く、家の片付けには不適切。「整理一下」が家の片付けの意味で自然。「一下」を付けることでより口語的な表現になる。

- **文の接続の改善**
  - 「很小」の後に「也」を追加することで、「狭いし、整頓もされていない」という日本語の並列関係をより自然に表現。",
206,200,1,我每天用半天时间上网。我的工作要用电脑，我也用手机做很多事情。玩游戏、学习、买东西、跟朋友聊天都需要网络。,毎日半日はインターネットを使っています。仕事でパソコンを使うし、いろいろなことをするためにスマホを使っています。ゲームするのも、勉強するのも、買い物するのも、友達と話すのも、すべてインターネットが必要です。,at://did:plc:f2ud37i6vbafoqiu56eplek7/app.bsky.feed.post/3mfyskep4a42k,2026-03-01 13:05:44.046+00,2026-03-01 13:05:45.248589+00,"我每天上半个天网.我的工作要用电脑,也我用手机做很所事情.玩游戏,学习,买东西,跟朋友聊天都要用网络.","## 第1文の修正
- **修正前**: 我每天上半个天网
- **修正後**: 我每天用半天时间上网
- **理由**: 「半个天网」は不自然な表現。「半天时间」（半日の時間）が正しい表現。また「用...时间上网」の語順が自然。

## 第2文の修正
- **修正前**: 我的工作要用电脑,也我用手机做很所事情
- **修正後**: 我的工作要用电脑，我也用手机做很多事情
- **理由**: 
  - 「也我」→「我也」（語順の修正）
  - 「很所」→「很多」（「很所」は存在しない表現、「很多」が正しい）
  - カンマを中国語の句読点「，」に修正

## 第3文の修正
- **修正前**: 玩游戏,学习,买东西,跟朋友聊天都要用网络.
- **修正後**: 玩游戏、学习、买东西、跟朋友聊天都需要网络。
- **理由**:
  - 並列項目の区切りには「、」を使用（中国語の標準的な表記）
  - 「要用」→「需要」（より自然な表現）
  - 文末のピリオド「.」→「。」（中国語の句点に修正）",
207,201,1,我没有打过耳洞。很害怕。虽然我已经长大了，但还是不喜欢打针，做不到。,ピアスを開けたことはありません。怖いです。大人になってもまだ注射が嫌いなのに、無理です。,at://did:plc:f2ud37i6vbafoqiu56eplek7/app.bsky.feed.post/3mg37ii7vv32j,2026-03-02 12:02:37.072+00,2026-03-02 08:44:45.658958+00,我不打过耳洞。很害怕。虽然我很大，我还不喜欢注射，打不起。,"## 修正箇所

1. **我不打过耳洞** → **我没有打过耳洞**
   - 理由：経験を表す「～したことがない」は「没有＋動詞＋过」の構造を使います。「不」は通常の否定で、経験の否定には適しません。

2. **虽然我很大** → **虽然我已经长大了**
   - 理由：「大人になった」は「长大了」で表現します。「我很大」だけでは「私は大きい」という意味になり、不自然です。「已经」を加えることで「もう大人になった」というニュアンスが伝わります。

3. **我还不喜欢注射** → **但还是不喜欢打针**
   - 理由：
     - 「虽然」で始まった文には「但是」や「但」で対応する必要があります
     - 「注射」より「打针」の方が一般的な表現です
     - 「还是」は「まだ～である」という継続の意味を表すのに適切です

4. **打不起** → **做不到**
   - 理由：「打不起」は「（お金がなくて）買えない」という意味になります。ここでは「無理です」という意味なので「做不到」（できない）が適切です。",
208,203,1,我喜欢甜的蔬菜。红薯、玉米、西红柿什么的都很好。还有，我也喜欢蘑菇，但是蘑菇不是蔬菜，对吧？,甘い野菜が好きです。さつまいもとかとうもろこしとかトマトとかがいいです。あときのこも好きですけど、野菜ではないですよね？,at://did:plc:f2ud37i6vbafoqiu56eplek7/app.bsky.feed.post/3mg5pxfodaj2u,2026-03-03 12:02:37.072+00,2026-03-02 08:49:22.364838+00,我喜欢甜的蔬菜。白薯，玉米和西红柿都很好。我还喜欢蘑菇，但是它们不是蔬菜，对不对？,"## 修正箇所

1. **白薯 → 红薯**
   - 「さつまいも」は中国語で一般的に「红薯」と呼ばれます。「白薯」も使われることがありますが、「红薯」がより一般的です。

2. **白薯，玉米和西红柿 → 红薯、玉米、西红柿什么的**
   - 日本語の「〜とか〜とか」のニュアンスを表現するため、「什么的」を追加しました。
   - 並列の接続詞「和」を取り除き、中国語でより自然な列挙表現にしました。

3. **我还喜欢蘑菇 → 还有，我也喜欢蘑菇**
   - 「あと」という転換の意味をより明確にするため「还有」を文頭に置きました。
   - 「还」を「也」に変更し、より自然な表現にしました。

4. **它们不是蔬菜 → 蘑菇不是蔬菜**
   - 代名詞「它们」より直接「蘑菇」を使用した方が自然です。

5. **对不对？ → 对吧？**
   - 「ですよね？」のニュアンスには「对吧？」がより適切です。",
209,204,1,我喜欢在网上听《ナポリの男たち》的直播。轻松的气氛，听起来很舒服。最近我很累，不太想听复杂的话题。,「ナポリの男たち」の生放送を聞くのが好きです。ゆるい雰囲気で気楽に聴けます。最近疲れているから、あまり複雑な話は聞きたくなくて。,at://did:plc:f2ud37i6vbafoqiu56eplek7/app.bsky.feed.post/3mgaagd2d2a2u,2026-03-04 12:02:36.968+00,2026-03-04 09:04:41.299827+00,我喜欢上网听《ナポリの男たち》的直播。爽快的气氛，听得很舒服。最近我很累，不太喜欢听复杂的事情。,"## 修正箇所

1. **上网 → 在网上**
   - 「上网听」は不自然な表現です
   - 「在网上听」（ネット上で聞く）の方が自然で適切です

2. **爽快的气氛 → 轻松的气氛**
   - 「爽快」は主に身体的な爽快感を表します
   - 「ゆるい雰囲気」は「轻松的气氛」（リラックスした雰囲気）がより適切です

3. **听得很舒服 → 听起来很舒服**
   - 「听得」よりも「听起来」（聞こえる、聞いた感じ）の方が自然な表現です

4. **复杂的事情 → 复杂的话题**
   - 「複雑な話」は「复杂的话题」（複雑な話題）の方が適切です
   - 「事情」は「事柄、用事」という意味が強いです

5. **不太喜欢听 → 不太想听**
   - 文脈から「聞きたくない」という意味なので、「不太想听」の方が適切です
   - 「不太喜欢」だと単純に好みの問題になってしまいます",
210,205,1,工作不是我人生中最重要的事情，所以我不想工作太多。我想做什么事都要适可而止。从长远来看，这很重要。,仕事は私の人生の中で最も重要なものではないので、働きすぎるのは避けたいです。何事もほどほどにやりたいです。長い目で見たときに、これが重要だと思います。,at://did:plc:f2ud37i6vbafoqiu56eplek7/app.bsky.feed.post/3mgcqvau5gr2w,2026-03-05 12:02:37.335+00,2026-03-04 09:15:38.615343+00,工作不是我人生里最重要的事情，所以我不想工作太多了。我想做什么事都要适可而止。从张远看的时候，这很重要。,"## 修正箇所

### 1. 「人生里」→「人生中」
- **修正理由**: 「人生中」の方が自然で標準的な表現。「里」も間違いではないが、「中」がより適切。

### 2. 「工作太多了」→「工作太多」
- **修正理由**: 「了」は不要。ここでは願望を表す「不想」の後なので、変化や完了を表す「了」は適切でない。

### 3. 「从张远看的时候」→「从长远来看」
- **修正理由**: 
  - 「张远」は人名で、「长远」（長期的）の間違い
  - 「从长远来看」は「長い目で見る」という固定表現
  - 「的时候」は不要

## 評価
HSK4級レベルとしては、全体的な文章構造や語彙選択は適切です。特に「适可而止」という成语を正しく使えているのは素晴らしいです。主な問題は同音異字の間違い（张远/长远）でした。",
211,206,1,我一下子想不出来。但是我不喜欢被人瞧不起。因为那样的话不会有什么好结果。,すぐには思いつかないな。でも舐められるのは好きではありません。そういうときって碌なことにならないから。,at://did:plc:f2ud37i6vbafoqiu56eplek7/app.bsky.feed.post/3mgfbe5zf4s23,2026-03-06 12:02:37.018+00,2026-03-04 23:03:20.988347+00,不可以快想到。但是我不喜欢受人轻侮。因为那样的时候不会有好的结果。,"## 主な修正箇所

### 1. 「不可以快想到」→「我一下子想不出来」
- **問題点**: 「不可以快想到」は文法的に不自然
- **修正理由**: 「すぐには思いつかない」は「一下子想不出来」が適切
- **解説**: 「一下子」（すぐに、一瞬で）+ 「想不出来」（思いつかない）

### 2. 「受人轻侮」→「被人瞧不起」
- **問題点**: 「轻侮」はやや古典的で、HSK4級レベルを超える
- **修正理由**: 「瞧不起」（軽視する、見下す）の方が一般的でHSK4級レベルに適している
- **解説**: 「被人瞧不起」で「人に見下される/舐められる」という意味

### 3. 「那样的时候」→「那样的话」
- **問題点**: 「時候」よりも「话」の方が自然
- **修正理由**: 「そういうときって」という日本語のニュアンスには「那样的话」が適切
- **解説**: 「那样的话」は「そのような場合は」という仮定的な表現

### 4. 「不会有好的结果」→「不会有什么好结果」
- **問題点**: 文法的には間違いではないが、より自然な表現がある
- **修正理由**: 「什么」を加えることで「碌なことにならない」という否定的なニュアンスをより強く表現
- **解説**: 「不会有什么好结果」で「ろくな結果にはならない」という意味",
212,207,1,我觉得可能是爸爸。但是这只是因为我最常跟他说话。吵架很累，所以平时我不跟任何人吵架。,たぶん父だと思います。でもただ1番話すのが彼だからというだけです。喧嘩は疲れるから、普段は誰ともしません。,at://did:plc:f2ud37i6vbafoqiu56eplek7/app.bsky.feed.post/3mghrt3ldha2q,2026-03-07 12:02:37.127+00,2026-03-07 09:17:54.214799+00,我觉得可能跟爸爸吵架。但是这个只因为我最谈话的人是他。吵架让我很累，我平时跟别人不吵架。,"## 主要な修正点

1. **「跟爸爸吵架」→「是爸爸」**
   - 理由：日本語の「父だと思います」は「誰と一番喧嘩するか」という質問への回答として「父です」という意味なので、「是爸爸」が適切

2. **「这个只因为」→「这只是因为」**
   - 理由：「这个」は不適切。「这只是因为」（これはただ～だからです）が自然な表現

3. **「我最谈话的人是他」→「我最常跟他说话」**
   - 理由：「谈话」は正式な話し合いの意味が強い。「说话」が日常会話に適切。また語順も「最常跟他说话」の方が自然

4. **「吵架让我很累，我平时跟别人不吵架」→「吵架很累，所以平时我不跟任何人吵架」**
   - 理由：
     - 「很累」→「很累」（変更なし）
     - 因果関係を明確にするため「所以」を追加
     - 「跟别人不」→「不跟任何人」（語順の修正と「任何人」でより強調）

## HSK4級レベルでの評価
全体的に基本的な文法構造は理解できており、HSK4級相当の語彙も適切に使用されています。主に語順と表現の自然さの改善が必要でした。",
213,208,1,我不知道！但是如果它们真的存在的话，我觉得会很有趣。宇宙中还有很多我们不了解的东西，所以我觉得现在不能说外星人不存在。,わかりません！でもいたら興味深いと思います。宇宙にはまだわからないことがたくさんありますし、今の時点では宇宙人はいないとは言えないと思います。,at://did:plc:f2ud37i6vbafoqiu56eplek7/app.bsky.feed.post/3mgkcbyu6d42w,2026-03-08 12:02:36.925+00,2026-03-07 09:21:36.527333+00,我不知道！但是如果它们真的存在，很有趣。宇宙还有不认识的东西很多，所以我觉得现在不可能说外星人不存在。,"## 1. 「但是如果它们真的存在，很有趣」→「但是如果它们真的存在的话，我觉得会很有趣」

- **修正理由**: 
  - 「如果」の後に「的话」を加えて、より自然な条件表現にしました
  - 主語「我觉得」を加えて意見表明を明確にしました
  - 「会很有趣」として可能性を表現し、より自然な中国語にしました

## 2. 「宇宙还有不认识的东西很多」→「宇宙中还有很多我们不了解的东西」

- **修正理由**:
  - 「宇宙中」として場所を明確にしました
  - 「不认识」→「不了解」に変更（「不认识」は人を知らない場合に使い、「不了解」は物事を理解していない場合に使います）
  - 語順を「很多我们不了解的东西」として、より自然な中国語の語順にしました

## 3. 「现在不可能说外星人不存在」→「现在不能说外星人不存在」

- **修正理由**:
  - 「不可能说」→「不能说」に変更（「不可能」は物理的に不可能な場合、「不能」は能力や条件的にできない場合を表すため、この文脈では「不能」がより適切）",
214,209,1,我喜欢泡澡！我也喜欢去温泉。我想去温泉旅游。,お風呂につかるのは好きです！温泉に行くのも好き。温泉旅行に行きたいな。,at://did:plc:f2ud37i6vbafoqiu56eplek7/app.bsky.feed.post/3mgmsqwh74a2j,2026-03-09 12:02:37.066+00,2026-03-08 04:41:31.500397+00,我喜欢泡澡!我也喜欢去温泉.想去温泉旅游吧!,"- **第3文の修正**: `想去温泉旅游吧!` → `我想去温泉旅游。`
  - 主語「我」を追加：中国語では主語を省略することもありますが、HSK4級レベルでは主語を明示する方が適切です
  - 語気助詞「吧」を削除：「吧」は提案や推測を表しますが、ここでは個人的な願望を表現しているため不要です
  - 句読点を「!」から「。」に変更：内容的に感嘆符よりも句点の方が自然です

その他の部分は文法的に正しく、HSK4級レベルとして適切な表現です。",
215,210,1,我不记得了。可能是吹风机吧？家电不常买，很难想起来。,覚えていません。たぶんドライヤー？家電って頻繁に買わないし、思い出すのは難しいですね。,at://did:plc:f2ud37i6vbafoqiu56eplek7/app.bsky.feed.post/3mgpd7tt2mj2l,2026-03-10 12:02:36.983+00,2026-03-08 04:46:49.839794+00,"我没记得.可能...干燥剂?我不频频买家电,想起很难.","## 文法・表現の修正

1. **我没记得 → 我不记得了**
   - 「覚えていない」という状態を表すには「不记得」が適切
   - 「了」を付けて完了の語気を表現

2. **干燥剂 → 吹风机**
   - 「干燥剂」は乾燥剤（除湿剤）の意味
   - ドライヤーは「吹风机」が正しい

3. **我不频频买家电 → 家电不常买**
   - 「频频」は「頻繁に」という意味だが、この文脈では「不常买（よく買わない）」がより自然
   - 語順も中国語として自然な表現に調整

4. **想起很难 → 很难想起来**
   - 中国語では「很难 + 動詞」の語順が基本
   - 「想起来」で「思い出す」という意味がより明確になる

## 語気詞の追加

5. **可能...→ 可能是...吧？**
   - 「是」を補って文を完成
   - 「吧」を付けて推測の語気を表現
   - 疑問符で不確実さを表現",
216,211,1,我手很笨拙。我喜欢制作想做的东西，但是因为手很笨拙，常常需要很长时间。这是我喜欢编程的理由之一...编程不需要手巧...,不器用です。作りたいものを作るのは好きですが、不器用なのでいつも時間がかかります。これは私がプログラミングが好きな理由の一つ…プログラミングは手先の器用さが必要ないから…です。,at://did:plc:f2ud37i6vbafoqiu56eplek7/app.bsky.feed.post/3mgrtorpcwe2k,2026-03-11 12:02:37.41+00,2026-03-10 12:15:37.059631+00,我手不巧。我喜欢制作想做的东西，但是因为手不巧，常常需要多时间。这个是一个我喜欢程序设计的理由…程序设计不需要手巧。,"## 主要修正
- **手不巧** → **手很笨拙**
  - 「手不巧」は文法的に不自然。「手很笨拙」または「手不灵巧」が自然な表現
  
- **需要多时间** → **需要很长时间**
  - 「多时间」は不自然。「很长时间」「很多时间」「更多时间」などが適切

- **这个是一个我喜欢程序设计的理由** → **这是我喜欢编程的理由之一**
  - 「这个是一个」は冗長で不自然
  - 「程序设计」より「编程」の方が一般的で自然
  - 「理由の一つ」を表現するため「理由之一」を追加

- **程序设计** → **编程**
  - 「编程」の方が日常的で自然な表現

## その他
- 全体的な文の流れは良好で、HSK4級レベルとして適切
- 基本的な語順や文法構造は正しく理解されている",
217,212,1,我没有看电视的习惯，所以回答这个问题很难。芝麻街是电视节目吗？我看那个节目是为了练习英语听力。,テレビを見る習慣がないから、この問題に答えるの難しいです。セサミストリートってテレビ番組？英語のリスニングの練習でみています。,at://did:plc:f2ud37i6vbafoqiu56eplek7/app.bsky.feed.post/3mgue5otc742q,2026-03-12 12:02:37.065+00,2026-03-10 12:19:53.096461+00,我没有看电视的习惯，回答这个问题很难。 Sesame Street 是不是电视节目吗？我看那节节目为练习听英语。,"1. **""回答这个问题很难"" → ""所以回答这个问题很难""**
   - 原因を表す接続詞「所以」を追加。「から、だから」という因果関係をより明確に表現するため。

2. **""Sesame Street"" → ""芝麻街""**
   - 中国語での正式名称に統一。HSK4級レベルでは中国語表記を使用することが望ましい。

3. **""是不是...吗"" → ""是...吗""**
   - 疑問文の重複表現を修正。「是不是」と「吗」を同時に使うのは不自然。

4. **""那节节目"" → ""那个节目""**
   - 量詞の重複ミスを修正。「节目」には量詞「个」を使用。

5. **""为练习听英语"" → ""为了练习英语听力""**
   - 「为了」で目的をより明確に表現
   - 「听英语」→「英语听力」で「英語のリスニング」をより自然な表現に修正",
218,213,1,正如很多人说的一样，发音很难。汉语有日语没有的或者日语不能区分的发音。我觉得汉字相同但意思不同的词汇也很难。,多くの人が言っている通り、発音が難しいです。中国語には日本語にないか、聞き分けていない発音があります。漢字が同じで意味が異なる単語も難しいと思います。,at://did:plc:f2ud37i6vbafoqiu56eplek7/app.bsky.feed.post/3mgwummf2ai2v,2026-03-13 12:02:37.156+00,2026-03-11 21:50:56.643907+00,很多人说的一样，发音很难。汉语有日语没有或不听出来的发音。我觉得汉字一样但是意思不一样的词汇也很难。,"## 修正箇所

### 1. 文頭の表現
- **修正前**: 很多人说的一样
- **修正後**: 正如很多人说的一样
- **理由**: 「〜が言っている通り」という意味を表すには「正如...一样」という表現がより自然で正確です。

### 2. 「聞き分けていない」の表現
- **修正前**: 不听出来的发音
- **修正後**: 日语不能区分的发音
- **理由**: 「聞き分けられない」は「区别不了」や「不能区分」で表現するのが適切です。「不听出来」は「聞こえない」という意味になってしまいます。

### 3. 接続詞の修正
- **修正前**: 或不听出来的
- **修正後**: 或者日语不能区分的
- **理由**: 「または」を表す場合、「或者」の方が「或」より自然です。また、主語「日语」を補うことで文章が明確になります。

### 4. 「同じ」の表現
- **修正前**: 汉字一样
- **修正後**: 汉字相同
- **修正後**: 「相同」の方がより書面語的で、HSK4級レベルに適した表現です。

全体的に意味は伝わる文章でしたが、より自然で正確な中国語表現に修正しました。",